2026-08-14 14:18:27.116 INFO  [http-nio-8081-exec-2][][userId=] o.a.c.core.ContainerBase.[Tomcat].[localhost].[/] - Initializing Spring DispatcherServlet 'dispatcherServlet'
2026-08-14 14:18:27.144 INFO  [http-nio-8081-exec-2][][userId=] org.springframework.web.servlet.DispatcherServlet - Initializing Servlet 'dispatcherServlet'
2026-08-14 14:18:27.208 INFO  [http-nio-8081-exec-2][][userId=] org.springframework.web.servlet.DispatcherServlet - Completed initialization in 63 ms
2026-08-14 14:18:27.227 INFO  [http-nio-8081-exec-2][be7280e6f22a4bce92c1e777108450b9][userId=] c.recruit.smartrecruit.filter.RequestTraceFilter - 请求开始 method=POST uri=/user/login
2026-08-14 14:18:27.682 INFO  [http-nio-8081-exec-2][be7280e6f22a4bce92c1e777108450b9][userId=] com.zaxxer.hikari.HikariDataSource - HikariPool-1 - Starting...
2026-08-14 14:18:28.105 INFO  [http-nio-8081-exec-2][be7280e6f22a4bce92c1e777108450b9][userId=] com.zaxxer.hikari.pool.HikariPool - HikariPool-1 - Added connection com.mysql.cj.jdbc.ConnectionImpl@5875b41b
2026-08-14 14:18:28.108 INFO  [http-nio-8081-exec-2][be7280e6f22a4bce92c1e777108450b9][userId=] com.zaxxer.hikari.HikariDataSource - HikariPool-1 - Start completed.
2026-08-14 14:18:28.130 DEBUG [http-nio-8081-exec-2][be7280e6f22a4bce92c1e777108450b9][userId=] c.r.smartrecruit.mapper.UserMapper.findByUsername - ==>  Preparing: SELECT * FROM sys_user WHERE username = ?
2026-08-14 14:18:28.204 DEBUG [http-nio-8081-exec-2][be7280e6f22a4bce92c1e777108450b9][userId=] c.r.smartrecruit.mapper.UserMapper.findByUsername - ==> Parameters: applicant(String)
2026-08-14 14:18:28.364 DEBUG [http-nio-8081-exec-2][be7280e6f22a4bce92c1e777108450b9][userId=] c.r.smartrecruit.mapper.UserMapper.findByUsername - <==      Total: 1
2026-08-14 14:18:28.528 INFO  [http-nio-8081-exec-2][be7280e6f22a4bce92c1e777108450b9][userId=] c.recruit.smartrecruit.filter.RequestTraceFilter - 请求结束 method=POST uri=/user/login status=200 cost=1302ms
2026-08-14 14:18:41.902 INFO  [http-nio-8081-exec-3][aff3e46a42e84c50b00e98975a87c5c9][userId=] c.recruit.smartrecruit.filter.RequestTraceFilter - 请求开始 method=DELETE uri=/job/2
2026-08-14 14:18:41.959 INFO  [http-nio-8081-exec-3][aff3e46a42e84c50b00e98975a87c5c9][userId=8] c.recruit.smartrecruit.aspect.OperationLogAspect - 操作开始 operation=删除岗位
2026-08-14 14:18:41.962 DEBUG [http-nio-8081-exec-3][aff3e46a42e84c50b00e98975a87c5c9][userId=8] c.recruit.smartrecruit.mapper.UserMapper.findById - ==>  Preparing: SELECT id, username, password, nickname, email, phone, role, create_time FROM sys_user WHERE id = ?
2026-08-14 14:18:41.963 DEBUG [http-nio-8081-exec-3][aff3e46a42e84c50b00e98975a87c5c9][userId=8] c.recruit.smartrecruit.mapper.UserMapper.findById - ==> Parameters: 8(Long)
2026-08-14 14:18:41.967 DEBUG [http-nio-8081-exec-3][aff3e46a42e84c50b00e98975a87c5c9][userId=8] c.recruit.smartrecruit.mapper.UserMapper.findById - <==      Total: 1
2026-08-14 14:18:41.968 ERROR [http-nio-8081-exec-3][aff3e46a42e84c50b00e98975a87c5c9][userId=8] c.recruit.smartrecruit.aspect.OperationLogAspect - 操作异常 operation=删除岗位 cost=11ms
com.recruit.smartrecruit.exception.BusinessException: 仅企业用户可访问
	at com.recruit.smartrecruit.permission.PermissionServiceImpl.requireCompany(PermissionServiceImpl.java:43)
	at com.recruit.smartrecruit.permission.PermissionServiceImpl.requireApprovedCompany(PermissionServiceImpl.java:56)
	at com.recruit.smartrecruit.service.impl.JobServiceImpl.delete(JobServiceImpl.java:64)
	at com.recruit.smartrecruit.controller.JobController.deleteJob(JobController.java:67)
	at java.base/jdk.internal.reflect.NativeMethodAccessorImpl.invoke0(Native Method)
	at java.base/jdk.internal.reflect.NativeMethodAccessorImpl.invoke(NativeMethodAccessorImpl.java:77)
	at java.base/jdk.internal.reflect.DelegatingMethodAccessorImpl.invoke(DelegatingMethodAccessorImpl.java:43)
	at java.base/java.lang.reflect.Method.invoke(Method.java:568)
	at org.springframework.aop.support.AopUtils.invokeJoinpointUsingReflection(AopUtils.java:360)
	at org.springframework.aop.framework.ReflectiveMethodInvocation.invokeJoinpoint(ReflectiveMethodInvocation.java:196)
	at org.springframework.aop.framework.ReflectiveMethodInvocation.proceed(ReflectiveMethodInvocation.java:163)
	at org.springframework.aop.aspectj.MethodInvocationProceedingJoinPoint.proceed(MethodInvocationProceedingJoinPoint.java:89)
	at com.recruit.smartrecruit.aspect.OperationLogAspect.operationLog(OperationLogAspect.java:40)
	at java.base/jdk.internal.reflect.NativeMethodAccessorImpl.invoke0(Native Method)
	at java.base/jdk.internal.reflect.NativeMethodAccessorImpl.invoke(NativeMethodAccessorImpl.java:77)
	at java.base/jdk.internal.reflect.DelegatingMethodAccessorImpl.invoke(DelegatingMethodAccessorImpl.java:43)
	at java.base/java.lang.reflect.Method.invoke(Method.java:568)
	at org.springframework.aop.aspectj.AbstractAspectJAdvice.invokeAdviceMethodWithGivenArgs(AbstractAspectJAdvice.java:649)
	at org.springframework.aop.aspectj.AbstractAspectJAdvice.invokeAdviceMethod(AbstractAspectJAdvice.java:631)
	at org.springframework.aop.aspectj.AspectJAroundAdvice.invoke(AspectJAroundAdvice.java:71)
	at org.springframework.aop.framework.ReflectiveMethodInvocation.proceed(ReflectiveMethodInvocation.java:173)
	at org.springframework.aop.interceptor.ExposeInvocationInterceptor.invoke(ExposeInvocationInterceptor.java:97)
	at org.springframework.aop.framework.ReflectiveMethodInvocation.proceed(ReflectiveMethodInvocation.java:184)
	at org.springframework.aop.framework.CglibAopProxy$DynamicAdvisedInterceptor.intercept(CglibAopProxy.java:728)
	at com.recruit.smartrecruit.controller.JobController$$SpringCGLIB$$0.deleteJob(<generated>)
	at java.base/jdk.internal.reflect.NativeMethodAccessorImpl.invoke0(Native Method)
	at java.base/jdk.internal.reflect.NativeMethodAccessorImpl.invoke(NativeMethodAccessorImpl.java:77)
	at java.base/jdk.internal.reflect.DelegatingMethodAccessorImpl.invoke(DelegatingMethodAccessorImpl.java:43)
	at java.base/java.lang.reflect.Method.invoke(Method.java:568)
	at org.springframework.web.method.support.InvocableHandlerMethod.doInvoke(InvocableHandlerMethod.java:258)
	at org.springframework.web.method.support.InvocableHandlerMethod.invokeForRequest(InvocableHandlerMethod.java:191)
	at org.springframework.web.servlet.mvc.method.annotation.ServletInvocableHandlerMethod.invokeAndHandle(ServletInvocableHandlerMethod.java:118)
	at org.springframework.web.servlet.mvc.method.annotation.RequestMappingHandlerAdapter.invokeHandlerMethod(RequestMappingHandlerAdapter.java:991)
	at org.springframework.web.servlet.mvc.method.annotation.RequestMappingHandlerAdapter.handleInternal(RequestMappingHandlerAdapter.java:896)
	at org.springframework.web.servlet.mvc.method.AbstractHandlerMethodAdapter.handle(AbstractHandlerMethodAdapter.java:87)
	at org.springframework.web.servlet.DispatcherServlet.doDispatch(DispatcherServlet.java:1089)
	at org.springframework.web.servlet.DispatcherServlet.doService(DispatcherServlet.java:979)
	at org.springframework.web.servlet.FrameworkServlet.processRequest(FrameworkServlet.java:1014)
	at org.springframework.web.servlet.FrameworkServlet.doDelete(FrameworkServlet.java:936)
	at jakarta.servlet.http.HttpServlet.service(HttpServlet.java:596)
	at org.springframework.web.servlet.FrameworkServlet.service(FrameworkServlet.java:885)
	at jakarta.servlet.http.HttpServlet.service(HttpServlet.java:658)
	at org.apache.catalina.core.ApplicationFilterChain.internalDoFilter(ApplicationFilterChain.java:193)
	at org.apache.catalina.core.ApplicationFilterChain.doFilter(ApplicationFilterChain.java:138)
	at org.apache.tomcat.websocket.server.WsFilter.doFilter(WsFilter.java:51)
	at org.apache.catalina.core.ApplicationFilterChain.internalDoFilter(ApplicationFilterChain.java:162)
	at org.apache.catalina.core.ApplicationFilterChain.doFilter(ApplicationFilterChain.java:138)
	at com.recruit.smartrecruit.filter.RequestTraceFilter.doFilterInternal(RequestTraceFilter.java:48)
	at org.springframework.web.filter.OncePerRequestFilter.doFilter(OncePerRequestFilter.java:116)
	at org.apache.catalina.core.ApplicationFilterChain.internalDoFilter(ApplicationFilterChain.java:162)
	at org.apache.catalina.core.ApplicationFilterChain.doFilter(ApplicationFilterChain.java:138)
	at org.springframework.web.filter.RequestContextFilter.doFilterInternal(RequestContextFilter.java:100)
	at org.springframework.web.filter.OncePerRequestFilter.doFilter(OncePerRequestFilter.java:116)
	at org.apache.catalina.core.ApplicationFilterChain.internalDoFilter(ApplicationFilterChain.java:162)
	at org.apache.catalina.core.ApplicationFilterChain.doFilter(ApplicationFilterChain.java:138)
	at org.springframework.web.filter.FormContentFilter.doFilterInternal(FormContentFilter.java:93)
	at org.springframework.web.filter.OncePerRequestFilter.doFilter(OncePerRequestFilter.java:116)
	at org.apache.catalina.core.ApplicationFilterChain.internalDoFilter(ApplicationFilterChain.java:162)
	at org.apache.catalina.core.ApplicationFilterChain.doFilter(ApplicationFilterChain.java:138)
	at org.springframework.web.filter.CharacterEncodingFilter.doFilterInternal(CharacterEncodingFilter.java:201)
	at org.springframework.web.filter.OncePerRequestFilter.doFilter(OncePerRequestFilter.java:116)
	at org.apache.catalina.core.ApplicationFilterChain.internalDoFilter(ApplicationFilterChain.java:162)
	at org.apache.catalina.core.ApplicationFilterChain.doFilter(ApplicationFilterChain.java:138)
	at org.apache.catalina.core.StandardWrapperValve.invoke(StandardWrapperValve.java:165)
	at org.apache.catalina.core.StandardContextValve.invoke(StandardContextValve.java:88)
	at org.apache.catalina.authenticator.AuthenticatorBase.invoke(AuthenticatorBase.java:492)
	at org.apache.catalina.core.StandardHostValve.invoke(StandardHostValve.java:113)
	at org.apache.catalina.valves.ErrorReportValve.invoke(ErrorReportValve.java:83)
	at org.apache.catalina.core.StandardEngineValve.invoke(StandardEngineValve.java:72)
	at org.apache.catalina.connector.CoyoteAdapter.service(CoyoteAdapter.java:342)
	at org.apache.coyote.http11.Http11Processor.service(Http11Processor.java:399)
	at org.apache.coyote.AbstractProcessorLight.process(AbstractProcessorLight.java:63)
	at org.apache.coyote.AbstractProtocol$ConnectionHandler.process(AbstractProtocol.java:1272)
	at org.apache.tomcat.util.net.NioEndpoint$SocketProcessor.doRun(NioEndpoint.java:1797)
	at org.apache.tomcat.util.net.SocketProcessorBase.run(SocketProcessorBase.java:52)
	at org.apache.tomcat.util.threads.ThreadPoolExecutor.runWorker(ThreadPoolExecutor.java:973)
	at org.apache.tomcat.util.threads.ThreadPoolExecutor$Worker.run(ThreadPoolExecutor.java:491)
	at org.apache.tomcat.util.threads.TaskThread$WrappingRunnable.run(TaskThread.java:63)
	at java.base/java.lang.Thread.run(Thread.java:842)
2026-08-14 14:18:41.989 WARN  [http-nio-8081-exec-3][aff3e46a42e84c50b00e98975a87c5c9][userId=8] c.r.smartrecruit.exception.GlobalExceptionHandler - 业务异常：仅企业用户可访问
2026-08-14 14:18:41.994 INFO  [http-nio-8081-exec-3][aff3e46a42e84c50b00e98975a87c5c9][userId=] c.recruit.smartrecruit.filter.RequestTraceFilter - 请求结束 method=DELETE uri=/job/2 status=200 cost=92ms
2026-08-14 14:19:41.043 INFO  [http-nio-8081-exec-4][2c91d3a00988493c9bd443dcf11ce2ed][userId=] c.recruit.smartrecruit.filter.RequestTraceFilter - 请求开始 method=POST uri=/user/login
2026-08-14 14:19:41.045 DEBUG [http-nio-8081-exec-4][2c91d3a00988493c9bd443dcf11ce2ed][userId=] c.r.smartrecruit.mapper.UserMapper.findByUsername - ==>  Preparing: SELECT * FROM sys_user WHERE username = ?
2026-08-14 14:19:41.047 DEBUG [http-nio-8081-exec-4][2c91d3a00988493c9bd443dcf11ce2ed][userId=] c.r.smartrecruit.mapper.UserMapper.findByUsername - ==> Parameters: company1(String)
2026-08-14 14:19:41.050 DEBUG [http-nio-8081-exec-4][2c91d3a00988493c9bd443dcf11ce2ed][userId=] c.r.smartrecruit.mapper.UserMapper.findByUsername - <==      Total: 1
2026-08-14 14:19:41.053 INFO  [http-nio-8081-exec-4][2c91d3a00988493c9bd443dcf11ce2ed][userId=] c.recruit.smartrecruit.filter.RequestTraceFilter - 请求结束 method=POST uri=/user/login status=200 cost=10ms
2026-08-14 14:20:08.188 INFO  [http-nio-8081-exec-5][b7c89a15138b4555be73e4398251a2c5][userId=] c.recruit.smartrecruit.filter.RequestTraceFilter - 请求开始 method=DELETE uri=/job/6
2026-08-14 14:20:08.189 INFO  [http-nio-8081-exec-5][b7c89a15138b4555be73e4398251a2c5][userId=7] c.recruit.smartrecruit.aspect.OperationLogAspect - 操作开始 operation=删除岗位
2026-08-14 14:20:08.190 DEBUG [http-nio-8081-exec-5][b7c89a15138b4555be73e4398251a2c5][userId=7] c.recruit.smartrecruit.mapper.UserMapper.findById - ==>  Preparing: SELECT id, username, password, nickname, email, phone, role, create_time FROM sys_user WHERE id = ?
2026-08-14 14:20:08.191 DEBUG [http-nio-8081-exec-5][b7c89a15138b4555be73e4398251a2c5][userId=7] c.recruit.smartrecruit.mapper.UserMapper.findById - ==> Parameters: 7(Long)
2026-08-14 14:20:08.194 DEBUG [http-nio-8081-exec-5][b7c89a15138b4555be73e4398251a2c5][userId=7] c.recruit.smartrecruit.mapper.UserMapper.findById - <==      Total: 1
2026-08-14 14:20:08.195 DEBUG [http-nio-8081-exec-5][b7c89a15138b4555be73e4398251a2c5][userId=7] c.r.smartrecruit.mapper.CompanyMapper.findByUserId - ==>  Preparing: SELECT * FROM COMPANY WHERE user_id=?
2026-08-14 14:20:08.195 DEBUG [http-nio-8081-exec-5][b7c89a15138b4555be73e4398251a2c5][userId=7] c.r.smartrecruit.mapper.CompanyMapper.findByUserId - ==> Parameters: 7(Long)
2026-08-14 14:20:08.213 DEBUG [http-nio-8081-exec-5][b7c89a15138b4555be73e4398251a2c5][userId=7] c.r.smartrecruit.mapper.CompanyMapper.findByUserId - <==      Total: 1
2026-08-14 14:20:08.213 DEBUG [http-nio-8081-exec-5][b7c89a15138b4555be73e4398251a2c5][userId=7] c.recruit.smartrecruit.mapper.JobMapper.findById - ==>  Preparing: SELECT * FROM job WHERE id=?;
2026-08-14 14:20:08.214 DEBUG [http-nio-8081-exec-5][b7c89a15138b4555be73e4398251a2c5][userId=7] c.recruit.smartrecruit.mapper.JobMapper.findById - ==> Parameters: 6(Long)
2026-08-14 14:20:08.217 DEBUG [http-nio-8081-exec-5][b7c89a15138b4555be73e4398251a2c5][userId=7] c.recruit.smartrecruit.mapper.JobMapper.findById - <==      Total: 1
2026-08-14 14:20:08.219 DEBUG [http-nio-8081-exec-5][b7c89a15138b4555be73e4398251a2c5][userId=7] com.recruit.smartrecruit.mapper.JobMapper.delete - ==>  Preparing: DELETE FROM job WHERE id=?
2026-08-14 14:20:08.219 DEBUG [http-nio-8081-exec-5][b7c89a15138b4555be73e4398251a2c5][userId=7] com.recruit.smartrecruit.mapper.JobMapper.delete - ==> Parameters: 6(Long)
2026-08-14 14:20:08.285 DEBUG [http-nio-8081-exec-5][b7c89a15138b4555be73e4398251a2c5][userId=7] com.recruit.smartrecruit.mapper.JobMapper.delete - <==    Updates: 1
2026-08-14 14:20:08.285 INFO  [http-nio-8081-exec-5][b7c89a15138b4555be73e4398251a2c5][userId=7] c.recruit.smartrecruit.aspect.OperationLogAspect - 操作成功 operation=删除岗位 cost=96ms
2026-08-14 14:20:08.287 INFO  [http-nio-8081-exec-5][b7c89a15138b4555be73e4398251a2c5][userId=] c.recruit.smartrecruit.filter.RequestTraceFilter - 请求结束 method=DELETE uri=/job/6 status=200 cost=99ms
2026-08-14 14:21:13.071 INFO  [http-nio-8081-exec-8][2cc35374f0fc4838b33cddd5a901e325][userId=] c.recruit.smartrecruit.filter.RequestTraceFilter - 请求开始 method=DELETE uri=/job/6
2026-08-14 14:21:13.071 INFO  [http-nio-8081-exec-8][2cc35374f0fc4838b33cddd5a901e325][userId=7] c.recruit.smartrecruit.aspect.OperationLogAspect - 操作开始 operation=删除岗位
2026-08-14 14:21:13.071 DEBUG [http-nio-8081-exec-8][2cc35374f0fc4838b33cddd5a901e325][userId=7] c.recruit.smartrecruit.mapper.UserMapper.findById - ==>  Preparing: SELECT id, username, password, nickname, email, phone, role, create_time FROM sys_user WHERE id = ?
2026-08-14 14:21:13.074 DEBUG [http-nio-8081-exec-8][2cc35374f0fc4838b33cddd5a901e325][userId=7] c.recruit.smartrecruit.mapper.UserMapper.findById - ==> Parameters: 7(Long)
2026-08-14 14:21:13.076 DEBUG [http-nio-8081-exec-8][2cc35374f0fc4838b33cddd5a901e325][userId=7] c.recruit.smartrecruit.mapper.UserMapper.findById - <==      Total: 1
2026-08-14 14:21:13.077 DEBUG [http-nio-8081-exec-8][2cc35374f0fc4838b33cddd5a901e325][userId=7] c.r.smartrecruit.mapper.CompanyMapper.findByUserId - ==>  Preparing: SELECT * FROM COMPANY WHERE user_id=?
2026-08-14 14:21:13.077 DEBUG [http-nio-8081-exec-8][2cc35374f0fc4838b33cddd5a901e325][userId=7] c.r.smartrecruit.mapper.CompanyMapper.findByUserId - ==> Parameters: 7(Long)
2026-08-14 14:21:13.080 DEBUG [http-nio-8081-exec-8][2cc35374f0fc4838b33cddd5a901e325][userId=7] c.r.smartrecruit.mapper.CompanyMapper.findByUserId - <==      Total: 1
2026-08-14 14:21:13.082 DEBUG [http-nio-8081-exec-8][2cc35374f0fc4838b33cddd5a901e325][userId=7] c.recruit.smartrecruit.mapper.JobMapper.findById - ==>  Preparing: SELECT * FROM job WHERE id=?;
2026-08-14 14:21:13.082 DEBUG [http-nio-8081-exec-8][2cc35374f0fc4838b33cddd5a901e325][userId=7] c.recruit.smartrecruit.mapper.JobMapper.findById - ==> Parameters: 6(Long)
2026-08-14 14:21:13.084 DEBUG [http-nio-8081-exec-8][2cc35374f0fc4838b33cddd5a901e325][userId=7] c.recruit.smartrecruit.mapper.JobMapper.findById - <==      Total: 0
2026-08-14 14:21:13.084 ERROR [http-nio-8081-exec-8][2cc35374f0fc4838b33cddd5a901e325][userId=7] c.recruit.smartrecruit.aspect.OperationLogAspect - 操作异常 operation=删除岗位 cost=13ms
com.recruit.smartrecruit.exception.BusinessException: 岗位不存在
	at com.recruit.smartrecruit.service.impl.JobServiceImpl.delete(JobServiceImpl.java:68)
	at com.recruit.smartrecruit.controller.JobController.deleteJob(JobController.java:67)
	at java.base/jdk.internal.reflect.NativeMethodAccessorImpl.invoke0(Native Method)
	at java.base/jdk.internal.reflect.NativeMethodAccessorImpl.invoke(NativeMethodAccessorImpl.java:77)
	at java.base/jdk.internal.reflect.DelegatingMethodAccessorImpl.invoke(DelegatingMethodAccessorImpl.java:43)
	at java.base/java.lang.reflect.Method.invoke(Method.java:568)
	at org.springframework.aop.support.AopUtils.invokeJoinpointUsingReflection(AopUtils.java:360)
	at org.springframework.aop.framework.ReflectiveMethodInvocation.invokeJoinpoint(ReflectiveMethodInvocation.java:196)
	at org.springframework.aop.framework.ReflectiveMethodInvocation.proceed(ReflectiveMethodInvocation.java:163)
	at org.springframework.aop.aspectj.MethodInvocationProceedingJoinPoint.proceed(MethodInvocationProceedingJoinPoint.java:89)
	at com.recruit.smartrecruit.aspect.OperationLogAspect.operationLog(OperationLogAspect.java:40)
	at java.base/jdk.internal.reflect.NativeMethodAccessorImpl.invoke0(Native Method)
	at java.base/jdk.internal.reflect.NativeMethodAccessorImpl.invoke(NativeMethodAccessorImpl.java:77)
	at java.base/jdk.internal.reflect.DelegatingMethodAccessorImpl.invoke(DelegatingMethodAccessorImpl.java:43)
	at java.base/java.lang.reflect.Method.invoke(Method.java:568)
	at org.springframework.aop.aspectj.AbstractAspectJAdvice.invokeAdviceMethodWithGivenArgs(AbstractAspectJAdvice.java:649)
	at org.springframework.aop.aspectj.AbstractAspectJAdvice.invokeAdviceMethod(AbstractAspectJAdvice.java:631)
	at org.springframework.aop.aspectj.AspectJAroundAdvice.invoke(AspectJAroundAdvice.java:71)
	at org.springframework.aop.framework.ReflectiveMethodInvocation.proceed(ReflectiveMethodInvocation.java:173)
	at org.springframework.aop.interceptor.ExposeInvocationInterceptor.invoke(ExposeInvocationInterceptor.java:97)
	at org.springframework.aop.framework.ReflectiveMethodInvocation.proceed(ReflectiveMethodInvocation.java:184)
	at org.springframework.aop.framework.CglibAopProxy$DynamicAdvisedInterceptor.intercept(CglibAopProxy.java:728)
	at com.recruit.smartrecruit.controller.JobController$$SpringCGLIB$$0.deleteJob(<generated>)
	at java.base/jdk.internal.reflect.NativeMethodAccessorImpl.invoke0(Native Method)
	at java.base/jdk.internal.reflect.NativeMethodAccessorImpl.invoke(NativeMethodAccessorImpl.java:77)
	at java.base/jdk.internal.reflect.DelegatingMethodAccessorImpl.invoke(DelegatingMethodAccessorImpl.java:43)
	at java.base/java.lang.reflect.Method.invoke(Method.java:568)
	at org.springframework.web.method.support.InvocableHandlerMethod.doInvoke(InvocableHandlerMethod.java:258)
	at org.springframework.web.method.support.InvocableHandlerMethod.invokeForRequest(InvocableHandlerMethod.java:191)
	at org.springframework.web.servlet.mvc.method.annotation.ServletInvocableHandlerMethod.invokeAndHandle(ServletInvocableHandlerMethod.java:118)
	at org.springframework.web.servlet.mvc.method.annotation.RequestMappingHandlerAdapter.invokeHandlerMethod(RequestMappingHandlerAdapter.java:991)
	at org.springframework.web.servlet.mvc.method.annotation.RequestMappingHandlerAdapter.handleInternal(RequestMappingHandlerAdapter.java:896)
	at org.springframework.web.servlet.mvc.method.AbstractHandlerMethodAdapter.handle(AbstractHandlerMethodAdapter.java:87)
	at org.springframework.web.servlet.DispatcherServlet.doDispatch(DispatcherServlet.java:1089)
	at org.springframework.web.servlet.DispatcherServlet.doService(DispatcherServlet.java:979)
	at org.springframework.web.servlet.FrameworkServlet.processRequest(FrameworkServlet.java:1014)
	at org.springframework.web.servlet.FrameworkServlet.doDelete(FrameworkServlet.java:936)
	at jakarta.servlet.http.HttpServlet.service(HttpServlet.java:596)
	at org.springframework.web.servlet.FrameworkServlet.service(FrameworkServlet.java:885)
	at jakarta.servlet.http.HttpServlet.service(HttpServlet.java:658)
	at org.apache.catalina.core.ApplicationFilterChain.internalDoFilter(ApplicationFilterChain.java:193)
	at org.apache.catalina.core.ApplicationFilterChain.doFilter(ApplicationFilterChain.java:138)
	at org.apache.tomcat.websocket.server.WsFilter.doFilter(WsFilter.java:51)
	at org.apache.catalina.core.ApplicationFilterChain.internalDoFilter(ApplicationFilterChain.java:162)
	at org.apache.catalina.core.ApplicationFilterChain.doFilter(ApplicationFilterChain.java:138)
	at com.recruit.smartrecruit.filter.RequestTraceFilter.doFilterInternal(RequestTraceFilter.java:48)
	at org.springframework.web.filter.OncePerRequestFilter.doFilter(OncePerRequestFilter.java:116)
	at org.apache.catalina.core.ApplicationFilterChain.internalDoFilter(ApplicationFilterChain.java:162)
	at org.apache.catalina.core.ApplicationFilterChain.doFilter(ApplicationFilterChain.java:138)
	at org.springframework.web.filter.RequestContextFilter.doFilterInternal(RequestContextFilter.java:100)
	at org.springframework.web.filter.OncePerRequestFilter.doFilter(OncePerRequestFilter.java:116)
	at org.apache.catalina.core.ApplicationFilterChain.internalDoFilter(ApplicationFilterChain.java:162)
	at org.apache.catalina.core.ApplicationFilterChain.doFilter(ApplicationFilterChain.java:138)
	at org.springframework.web.filter.FormContentFilter.doFilterInternal(FormContentFilter.java:93)
	at org.springframework.web.filter.OncePerRequestFilter.doFilter(OncePerRequestFilter.java:116)
	at org.apache.catalina.core.ApplicationFilterChain.internalDoFilter(ApplicationFilterChain.java:162)
	at org.apache.catalina.core.ApplicationFilterChain.doFilter(ApplicationFilterChain.java:138)
	at org.springframework.web.filter.CharacterEncodingFilter.doFilterInternal(CharacterEncodingFilter.java:201)
	at org.springframework.web.filter.OncePerRequestFilter.doFilter(OncePerRequestFilter.java:116)
	at org.apache.catalina.core.ApplicationFilterChain.internalDoFilter(ApplicationFilterChain.java:162)
	at org.apache.catalina.core.ApplicationFilterChain.doFilter(ApplicationFilterChain.java:138)
	at org.apache.catalina.core.StandardWrapperValve.invoke(StandardWrapperValve.java:165)
	at org.apache.catalina.core.StandardContextValve.invoke(StandardContextValve.java:88)
	at org.apache.catalina.authenticator.AuthenticatorBase.invoke(AuthenticatorBase.java:492)
	at org.apache.catalina.core.StandardHostValve.invoke(StandardHostValve.java:113)
	at org.apache.catalina.valves.ErrorReportValve.invoke(ErrorReportValve.java:83)
	at org.apache.catalina.core.StandardEngineValve.invoke(StandardEngineValve.java:72)
	at org.apache.catalina.connector.CoyoteAdapter.service(CoyoteAdapter.java:342)
	at org.apache.coyote.http11.Http11Processor.service(Http11Processor.java:399)
	at org.apache.coyote.AbstractProcessorLight.process(AbstractProcessorLight.java:63)
	at org.apache.coyote.AbstractProtocol$ConnectionHandler.process(AbstractProtocol.java:1272)
	at org.apache.tomcat.util.net.NioEndpoint$SocketProcessor.doRun(NioEndpoint.java:1797)
	at org.apache.tomcat.util.net.SocketProcessorBase.run(SocketProcessorBase.java:52)
	at org.apache.tomcat.util.threads.ThreadPoolExecutor.runWorker(ThreadPoolExecutor.java:973)
	at org.apache.tomcat.util.threads.ThreadPoolExecutor$Worker.run(ThreadPoolExecutor.java:491)
	at org.apache.tomcat.util.threads.TaskThread$WrappingRunnable.run(TaskThread.java:63)
	at java.base/java.lang.Thread.run(Thread.java:842)
2026-08-14 14:21:13.089 WARN  [http-nio-8081-exec-8][2cc35374f0fc4838b33cddd5a901e325][userId=7] c.r.smartrecruit.exception.GlobalExceptionHandler - 业务异常：岗位不存在
2026-08-14 14:21:13.091 INFO  [http-nio-8081-exec-8][2cc35374f0fc4838b33cddd5a901e325][userId=] c.recruit.smartrecruit.filter.RequestTraceFilter - 请求结束 method=DELETE uri=/job/6 status=200 cost=20ms
2026-08-14 14:22:04.267 INFO  [http-nio-8081-exec-9][f897d607e84247d182a9c3452954bf62][userId=] c.recruit.smartrecruit.filter.RequestTraceFilter - 请求开始 method=POST uri=/job
2026-08-14 14:22:04.268 INFO  [http-nio-8081-exec-9][f897d607e84247d182a9c3452954bf62][userId=] c.recruit.smartrecruit.filter.RequestTraceFilter - 请求结束 method=POST uri=/job status=401 cost=1ms
2026-08-14 14:22:13.061 INFO  [http-nio-8081-exec-10][2a0e16e67fc84b19928d7bb2356c8881][userId=] c.recruit.smartrecruit.filter.RequestTraceFilter - 请求开始 method=POST uri=/user/login
2026-08-14 14:22:13.065 DEBUG [http-nio-8081-exec-10][2a0e16e67fc84b19928d7bb2356c8881][userId=] c.r.smartrecruit.mapper.UserMapper.findByUsername - ==>  Preparing: SELECT * FROM sys_user WHERE username = ?
2026-08-14 14:22:13.068 DEBUG [http-nio-8081-exec-10][2a0e16e67fc84b19928d7bb2356c8881][userId=] c.r.smartrecruit.mapper.UserMapper.findByUsername - ==> Parameters: company1(String)
2026-08-14 14:22:13.069 DEBUG [http-nio-8081-exec-10][2a0e16e67fc84b19928d7bb2356c8881][userId=] c.r.smartrecruit.mapper.UserMapper.findByUsername - <==      Total: 1
2026-08-14 14:22:13.069 INFO  [http-nio-8081-exec-10][2a0e16e67fc84b19928d7bb2356c8881][userId=] c.recruit.smartrecruit.filter.RequestTraceFilter - 请求结束 method=POST uri=/user/login status=200 cost=8ms
2026-08-14 14:22:16.947 INFO  [http-nio-8081-exec-1][672eaae65b86404aa108b8206770cc0a][userId=] c.recruit.smartrecruit.filter.RequestTraceFilter - 请求开始 method=POST uri=/job
2026-08-14 14:22:16.948 INFO  [http-nio-8081-exec-1][672eaae65b86404aa108b8206770cc0a][userId=] c.recruit.smartrecruit.filter.RequestTraceFilter - 请求结束 method=POST uri=/job status=401 cost=1ms
2026-08-14 14:22:36.629 INFO  [http-nio-8081-exec-2][d6d97369e2ce4d02a209788059d1d5a3][userId=] c.recruit.smartrecruit.filter.RequestTraceFilter - 请求开始 method=POST uri=/job
2026-08-14 14:22:36.631 INFO  [http-nio-8081-exec-2][d6d97369e2ce4d02a209788059d1d5a3][userId=] c.recruit.smartrecruit.filter.RequestTraceFilter - 请求结束 method=POST uri=/job status=401 cost=2ms
2026-08-14 14:23:00.387 INFO  [http-nio-8081-exec-3][ff3450a286994cb497fd374e201c2139][userId=] c.recruit.smartrecruit.filter.RequestTraceFilter - 请求开始 method=POST uri=/user/login
2026-08-14 14:23:00.390 DEBUG [http-nio-8081-exec-3][ff3450a286994cb497fd374e201c2139][userId=] c.r.smartrecruit.mapper.UserMapper.findByUsername - ==>  Preparing: SELECT * FROM sys_user WHERE username = ?
2026-08-14 14:23:00.390 DEBUG [http-nio-8081-exec-3][ff3450a286994cb497fd374e201c2139][userId=] c.r.smartrecruit.mapper.UserMapper.findByUsername - ==> Parameters: company8(String)
2026-08-14 14:23:00.391 DEBUG [http-nio-8081-exec-3][ff3450a286994cb497fd374e201c2139][userId=] c.r.smartrecruit.mapper.UserMapper.findByUsername - <==      Total: 0
2026-08-14 14:23:00.392 INFO  [http-nio-8081-exec-3][ff3450a286994cb497fd374e201c2139][userId=] c.recruit.smartrecruit.filter.RequestTraceFilter - 请求结束 method=POST uri=/user/login status=200 cost=5ms
2026-08-14 14:23:26.848 INFO  [http-nio-8081-exec-4][b18614421ad14c8d81f6147ce5189884][userId=] c.recruit.smartrecruit.filter.RequestTraceFilter - 请求开始 method=POST uri=/user/login
2026-08-14 14:23:26.850 DEBUG [http-nio-8081-exec-4][b18614421ad14c8d81f6147ce5189884][userId=] c.r.smartrecruit.mapper.UserMapper.findByUsername - ==>  Preparing: SELECT * FROM sys_user WHERE username = ?
2026-08-14 14:23:26.850 DEBUG [http-nio-8081-exec-4][b18614421ad14c8d81f6147ce5189884][userId=] c.r.smartrecruit.mapper.UserMapper.findByUsername - ==> Parameters: company2(String)
2026-08-14 14:23:26.853 DEBUG [http-nio-8081-exec-4][b18614421ad14c8d81f6147ce5189884][userId=] c.r.smartrecruit.mapper.UserMapper.findByUsername - <==      Total: 1
2026-08-14 14:23:26.853 INFO  [http-nio-8081-exec-4][b18614421ad14c8d81f6147ce5189884][userId=] c.recruit.smartrecruit.filter.RequestTraceFilter - 请求结束 method=POST uri=/user/login status=200 cost=5ms
2026-08-14 14:23:42.569 INFO  [http-nio-8081-exec-5][1cef75b415b549098e2f715c28822e0d][userId=] c.recruit.smartrecruit.filter.RequestTraceFilter - 请求开始 method=GET uri=/job/5
2026-08-14 14:23:42.573 INFO  [http-nio-8081-exec-5][1cef75b415b549098e2f715c28822e0d][userId=9] c.recruit.smartrecruit.aspect.OperationLogAspect - 操作开始 operation=查询岗位详情
2026-08-14 14:23:42.574 DEBUG [http-nio-8081-exec-5][1cef75b415b549098e2f715c28822e0d][userId=9] c.recruit.smartrecruit.mapper.JobMapper.findById - ==>  Preparing: SELECT * FROM job WHERE id=?;
2026-08-14 14:23:42.575 DEBUG [http-nio-8081-exec-5][1cef75b415b549098e2f715c28822e0d][userId=9] c.recruit.smartrecruit.mapper.JobMapper.findById - ==> Parameters: 5(Long)
2026-08-14 14:23:42.576 DEBUG [http-nio-8081-exec-5][1cef75b415b549098e2f715c28822e0d][userId=9] c.recruit.smartrecruit.mapper.JobMapper.findById - <==      Total: 1
2026-08-14 14:23:42.577 INFO  [http-nio-8081-exec-5][1cef75b415b549098e2f715c28822e0d][userId=9] c.recruit.smartrecruit.aspect.OperationLogAspect - 操作成功 operation=查询岗位详情 cost=4ms
2026-08-14 14:23:42.584 INFO  [http-nio-8081-exec-5][1cef75b415b549098e2f715c28822e0d][userId=] c.recruit.smartrecruit.filter.RequestTraceFilter - 请求结束 method=GET uri=/job/5 status=200 cost=15ms
2026-08-14 14:24:09.686 INFO  [http-nio-8081-exec-6][805581aa1f934d2dabd17524341c2ebd][userId=] c.recruit.smartrecruit.filter.RequestTraceFilter - 请求开始 method=GET uri=/job/5
2026-08-14 14:24:09.687 INFO  [http-nio-8081-exec-6][805581aa1f934d2dabd17524341c2ebd][userId=9] c.recruit.smartrecruit.aspect.OperationLogAspect - 操作开始 operation=查询岗位详情
2026-08-14 14:24:09.688 DEBUG [http-nio-8081-exec-6][805581aa1f934d2dabd17524341c2ebd][userId=9] c.recruit.smartrecruit.mapper.JobMapper.findById - ==>  Preparing: SELECT * FROM job WHERE id=?;
2026-08-14 14:24:09.688 DEBUG [http-nio-8081-exec-6][805581aa1f934d2dabd17524341c2ebd][userId=9] c.recruit.smartrecruit.mapper.JobMapper.findById - ==> Parameters: 5(Long)
2026-08-14 14:24:09.690 DEBUG [http-nio-8081-exec-6][805581aa1f934d2dabd17524341c2ebd][userId=9] c.recruit.smartrecruit.mapper.JobMapper.findById - <==      Total: 1
2026-08-14 14:24:09.690 INFO  [http-nio-8081-exec-6][805581aa1f934d2dabd17524341c2ebd][userId=9] c.recruit.smartrecruit.aspect.OperationLogAspect - 操作成功 operation=查询岗位详情 cost=3ms
2026-08-14 14:24:09.691 INFO  [http-nio-8081-exec-6][805581aa1f934d2dabd17524341c2ebd][userId=] c.recruit.smartrecruit.filter.RequestTraceFilter - 请求结束 method=GET uri=/job/5 status=200 cost=5ms
2026-08-14 14:24:34.775 INFO  [main][][userId=] com.recruit.smartrecruit.RedisTest - Starting RedisTest using Java 17.0.12 with PID 12172 (started by 李 in D:\project\smart-recruit)
2026-08-14 14:24:34.776 INFO  [main][][userId=] com.recruit.smartrecruit.RedisTest - No active profile set, falling back to 1 default profile: "default"
2026-08-14 14:24:35.619 INFO  [main][][userId=] o.s.d.r.config.RepositoryConfigurationDelegate - Multiple Spring Data modules found, entering strict repository configuration mode
2026-08-14 14:24:35.624 INFO  [main][][userId=] o.s.d.r.config.RepositoryConfigurationDelegate - Bootstrapping Spring Data Redis repositories in DEFAULT mode.
2026-08-14 14:24:35.677 INFO  [main][][userId=] o.s.d.r.config.RepositoryConfigurationDelegate - Finished Spring Data repository scanning in 17 ms. Found 0 Redis repository interfaces.
2026-08-14 14:24:38.455 INFO  [main][][userId=] com.recruit.smartrecruit.RedisTest - Started RedisTest in 4.02 seconds (process running for 5.012)
2026-08-14 14:25:14.859 INFO  [SpringApplicationShutdownHook][][userId=] o.s.boot.web.embedded.tomcat.GracefulShutdown - Commencing graceful shutdown. Waiting for active requests to complete
2026-08-14 14:25:15.294 INFO  [tomcat-shutdown][][userId=] o.s.boot.web.embedded.tomcat.GracefulShutdown - Graceful shutdown complete
2026-08-14 14:25:15.314 INFO  [SpringApplicationShutdownHook][][userId=] com.zaxxer.hikari.HikariDataSource - HikariPool-1 - Shutdown initiated...
2026-08-14 14:25:15.324 INFO  [SpringApplicationShutdownHook][][userId=] com.zaxxer.hikari.HikariDataSource - HikariPool-1 - Shutdown completed.
2026-08-14 14:25:17.468 INFO  [main][][userId=] com.recruit.smartrecruit.SmartRecruitApplication - Starting SmartRecruitApplication using Java 17.0.12 with PID 47032 (D:\project\smart-recruit\target\classes started by 李 in D:\project\smart-recruit)
2026-08-14 14:25:17.471 INFO  [main][][userId=] com.recruit.smartrecruit.SmartRecruitApplication - No active profile set, falling back to 1 default profile: "default"
2026-08-14 14:25:18.500 INFO  [main][][userId=] o.s.d.r.config.RepositoryConfigurationDelegate - Multiple Spring Data modules found, entering strict repository configuration mode
2026-08-14 14:25:18.503 INFO  [main][][userId=] o.s.d.r.config.RepositoryConfigurationDelegate - Bootstrapping Spring Data Redis repositories in DEFAULT mode.
2026-08-14 14:25:18.542 INFO  [main][][userId=] o.s.d.r.config.RepositoryConfigurationDelegate - Finished Spring Data repository scanning in 16 ms. Found 0 Redis repository interfaces.
2026-08-14 14:25:19.388 INFO  [main][][userId=] o.s.boot.web.embedded.tomcat.TomcatWebServer - Tomcat initialized with port 8081 (http)
2026-08-14 14:25:19.407 INFO  [main][][userId=] org.apache.catalina.core.StandardService - Starting service [Tomcat]
2026-08-14 14:25:19.407 INFO  [main][][userId=] org.apache.catalina.core.StandardEngine - Starting Servlet engine: [Apache Tomcat/10.1.55]
2026-08-14 14:25:19.485 INFO  [main][][userId=] o.a.c.core.ContainerBase.[Tomcat].[localhost].[/] - Initializing Spring embedded WebApplicationContext
2026-08-14 14:25:19.485 INFO  [main][][userId=] o.s.b.w.s.c.ServletWebServerApplicationContext - Root WebApplicationContext: initialization completed in 1960 ms
2026-08-14 14:25:21.706 INFO  [main][][userId=] o.s.boot.web.embedded.tomcat.TomcatWebServer - Tomcat started on port 8081 (http) with context path '/'
2026-08-14 14:25:21.725 INFO  [main][][userId=] com.recruit.smartrecruit.SmartRecruitApplication - Started SmartRecruitApplication in 4.825 seconds (process running for 5.39)
2026-08-14 14:25:34.661 INFO  [http-nio-8081-exec-2][][userId=] o.a.c.core.ContainerBase.[Tomcat].[localhost].[/] - Initializing Spring DispatcherServlet 'dispatcherServlet'
2026-08-14 14:25:34.661 INFO  [http-nio-8081-exec-2][][userId=] org.springframework.web.servlet.DispatcherServlet - Initializing Servlet 'dispatcherServlet'
2026-08-14 14:25:34.662 INFO  [http-nio-8081-exec-2][][userId=] org.springframework.web.servlet.DispatcherServlet - Completed initialization in 1 ms
2026-08-14 14:25:34.667 INFO  [http-nio-8081-exec-2][457a0f0370b143b7a960c2e43e02ddc9][userId=] c.recruit.smartrecruit.filter.RequestTraceFilter - 请求开始 method=GET uri=/job/5
2026-08-14 14:25:34.731 INFO  [http-nio-8081-exec-2][457a0f0370b143b7a960c2e43e02ddc9][userId=9] c.recruit.smartrecruit.aspect.OperationLogAspect - 操作开始 operation=查询岗位详情
2026-08-14 14:25:35.092 INFO  [http-nio-8081-exec-2][457a0f0370b143b7a960c2e43e02ddc9][userId=9] com.zaxxer.hikari.HikariDataSource - HikariPool-1 - Starting...
2026-08-14 14:25:35.266 INFO  [http-nio-8081-exec-2][457a0f0370b143b7a960c2e43e02ddc9][userId=9] com.zaxxer.hikari.pool.HikariPool - HikariPool-1 - Added connection com.mysql.cj.jdbc.ConnectionImpl@7c8967e0
2026-08-14 14:25:35.267 INFO  [http-nio-8081-exec-2][457a0f0370b143b7a960c2e43e02ddc9][userId=9] com.zaxxer.hikari.HikariDataSource - HikariPool-1 - Start completed.
2026-08-14 14:25:35.272 DEBUG [http-nio-8081-exec-2][457a0f0370b143b7a960c2e43e02ddc9][userId=9] c.recruit.smartrecruit.mapper.JobMapper.findById - ==>  Preparing: SELECT * FROM job WHERE id=?;
2026-08-14 14:25:35.296 DEBUG [http-nio-8081-exec-2][457a0f0370b143b7a960c2e43e02ddc9][userId=9] c.recruit.smartrecruit.mapper.JobMapper.findById - ==> Parameters: 5(Long)
2026-08-14 14:25:35.385 DEBUG [http-nio-8081-exec-2][457a0f0370b143b7a960c2e43e02ddc9][userId=9] c.recruit.smartrecruit.mapper.JobMapper.findById - <==      Total: 1
2026-08-14 14:25:35.449 ERROR [http-nio-8081-exec-2][457a0f0370b143b7a960c2e43e02ddc9][userId=9] c.recruit.smartrecruit.aspect.OperationLogAspect - 操作异常 operation=查询岗位详情 cost=719ms
org.springframework.data.redis.serializer.SerializationException: Could not write JSON: Java 8 date/time type `java.time.LocalDateTime` not supported by default: add Module "com.fasterxml.jackson.datatype:jackson-datatype-jsr310" to enable handling (or disable `MapperFeature.REQUIRE_HANDLERS_FOR_JAVA8_TIMES`) (through reference chain: com.recruit.smartrecruit.entity.Job["createTime"])
	at org.springframework.data.redis.serializer.GenericJackson2JsonRedisSerializer.serialize(GenericJackson2JsonRedisSerializer.java:274)
	at org.springframework.data.redis.core.AbstractOperations.rawValue(AbstractOperations.java:148)
	at org.springframework.data.redis.core.DefaultValueOperations.set(DefaultValueOperations.java:207)
	at com.recruit.smartrecruit.service.impl.JobServiceImpl.findById(JobServiceImpl.java:58)
	at com.recruit.smartrecruit.controller.JobController.infoJob(JobController.java:49)
	at java.base/jdk.internal.reflect.NativeMethodAccessorImpl.invoke0(Native Method)
	at java.base/jdk.internal.reflect.NativeMethodAccessorImpl.invoke(NativeMethodAccessorImpl.java:77)
	at java.base/jdk.internal.reflect.DelegatingMethodAccessorImpl.invoke(DelegatingMethodAccessorImpl.java:43)
	at java.base/java.lang.reflect.Method.invoke(Method.java:568)
	at org.springframework.aop.support.AopUtils.invokeJoinpointUsingReflection(AopUtils.java:360)
	at org.springframework.aop.framework.ReflectiveMethodInvocation.invokeJoinpoint(ReflectiveMethodInvocation.java:196)
	at org.springframework.aop.framework.ReflectiveMethodInvocation.proceed(ReflectiveMethodInvocation.java:163)
	at org.springframework.aop.aspectj.MethodInvocationProceedingJoinPoint.proceed(MethodInvocationProceedingJoinPoint.java:89)
	at com.recruit.smartrecruit.aspect.OperationLogAspect.operationLog(OperationLogAspect.java:40)
	at java.base/jdk.internal.reflect.NativeMethodAccessorImpl.invoke0(Native Method)
	at java.base/jdk.internal.reflect.NativeMethodAccessorImpl.invoke(NativeMethodAccessorImpl.java:77)
	at java.base/jdk.internal.reflect.DelegatingMethodAccessorImpl.invoke(DelegatingMethodAccessorImpl.java:43)
	at java.base/java.lang.reflect.Method.invoke(Method.java:568)
	at org.springframework.aop.aspectj.AbstractAspectJAdvice.invokeAdviceMethodWithGivenArgs(AbstractAspectJAdvice.java:649)
	at org.springframework.aop.aspectj.AbstractAspectJAdvice.invokeAdviceMethod(AbstractAspectJAdvice.java:631)
	at org.springframework.aop.aspectj.AspectJAroundAdvice.invoke(AspectJAroundAdvice.java:71)
	at org.springframework.aop.framework.ReflectiveMethodInvocation.proceed(ReflectiveMethodInvocation.java:173)
	at org.springframework.aop.interceptor.ExposeInvocationInterceptor.invoke(ExposeInvocationInterceptor.java:97)
	at org.springframework.aop.framework.ReflectiveMethodInvocation.proceed(ReflectiveMethodInvocation.java:184)
	at org.springframework.aop.framework.CglibAopProxy$DynamicAdvisedInterceptor.intercept(CglibAopProxy.java:728)
	at com.recruit.smartrecruit.controller.JobController$$SpringCGLIB$$0.infoJob(<generated>)
	at java.base/jdk.internal.reflect.NativeMethodAccessorImpl.invoke0(Native Method)
	at java.base/jdk.internal.reflect.NativeMethodAccessorImpl.invoke(NativeMethodAccessorImpl.java:77)
	at java.base/jdk.internal.reflect.DelegatingMethodAccessorImpl.invoke(DelegatingMethodAccessorImpl.java:43)
	at java.base/java.lang.reflect.Method.invoke(Method.java:568)
	at org.springframework.web.method.support.InvocableHandlerMethod.doInvoke(InvocableHandlerMethod.java:258)
	at org.springframework.web.method.support.InvocableHandlerMethod.invokeForRequest(InvocableHandlerMethod.java:191)
	at org.springframework.web.servlet.mvc.method.annotation.ServletInvocableHandlerMethod.invokeAndHandle(ServletInvocableHandlerMethod.java:118)
	at org.springframework.web.servlet.mvc.method.annotation.RequestMappingHandlerAdapter.invokeHandlerMethod(RequestMappingHandlerAdapter.java:991)
	at org.springframework.web.servlet.mvc.method.annotation.RequestMappingHandlerAdapter.handleInternal(RequestMappingHandlerAdapter.java:896)
	at org.springframework.web.servlet.mvc.method.AbstractHandlerMethodAdapter.handle(AbstractHandlerMethodAdapter.java:87)
	at org.springframework.web.servlet.DispatcherServlet.doDispatch(DispatcherServlet.java:1089)
	at org.springframework.web.servlet.DispatcherServlet.doService(DispatcherServlet.java:979)
	at org.springframework.web.servlet.FrameworkServlet.processRequest(FrameworkServlet.java:1014)
	at org.springframework.web.servlet.FrameworkServlet.doGet(FrameworkServlet.java:903)
	at jakarta.servlet.http.HttpServlet.service(HttpServlet.java:564)
	at org.springframework.web.servlet.FrameworkServlet.service(FrameworkServlet.java:885)
	at jakarta.servlet.http.HttpServlet.service(HttpServlet.java:658)
	at org.apache.catalina.core.ApplicationFilterChain.internalDoFilter(ApplicationFilterChain.java:193)
	at org.apache.catalina.core.ApplicationFilterChain.doFilter(ApplicationFilterChain.java:138)
	at org.apache.tomcat.websocket.server.WsFilter.doFilter(WsFilter.java:51)
	at org.apache.catalina.core.ApplicationFilterChain.internalDoFilter(ApplicationFilterChain.java:162)
	at org.apache.catalina.core.ApplicationFilterChain.doFilter(ApplicationFilterChain.java:138)
	at com.recruit.smartrecruit.filter.RequestTraceFilter.doFilterInternal(RequestTraceFilter.java:48)
	at org.springframework.web.filter.OncePerRequestFilter.doFilter(OncePerRequestFilter.java:116)
	at org.apache.catalina.core.ApplicationFilterChain.internalDoFilter(ApplicationFilterChain.java:162)
	at org.apache.catalina.core.ApplicationFilterChain.doFilter(ApplicationFilterChain.java:138)
	at org.springframework.web.filter.RequestContextFilter.doFilterInternal(RequestContextFilter.java:100)
	at org.springframework.web.filter.OncePerRequestFilter.doFilter(OncePerRequestFilter.java:116)
	at org.apache.catalina.core.ApplicationFilterChain.internalDoFilter(ApplicationFilterChain.java:162)
	at org.apache.catalina.core.ApplicationFilterChain.doFilter(ApplicationFilterChain.java:138)
	at org.springframework.web.filter.FormContentFilter.doFilterInternal(FormContentFilter.java:93)
	at org.springframework.web.filter.OncePerRequestFilter.doFilter(OncePerRequestFilter.java:116)
	at org.apache.catalina.core.ApplicationFilterChain.internalDoFilter(ApplicationFilterChain.java:162)
	at org.apache.catalina.core.ApplicationFilterChain.doFilter(ApplicationFilterChain.java:138)
	at org.springframework.web.filter.CharacterEncodingFilter.doFilterInternal(CharacterEncodingFilter.java:201)
	at org.springframework.web.filter.OncePerRequestFilter.doFilter(OncePerRequestFilter.java:116)
	at org.apache.catalina.core.ApplicationFilterChain.internalDoFilter(ApplicationFilterChain.java:162)
	at org.apache.catalina.core.ApplicationFilterChain.doFilter(ApplicationFilterChain.java:138)
	at org.apache.catalina.core.StandardWrapperValve.invoke(StandardWrapperValve.java:165)
	at org.apache.catalina.core.StandardContextValve.invoke(StandardContextValve.java:88)
	at org.apache.catalina.authenticator.AuthenticatorBase.invoke(AuthenticatorBase.java:492)
	at org.apache.catalina.core.StandardHostValve.invoke(StandardHostValve.java:113)
	at org.apache.catalina.valves.ErrorReportValve.invoke(ErrorReportValve.java:83)
	at org.apache.catalina.core.StandardEngineValve.invoke(StandardEngineValve.java:72)
	at org.apache.catalina.connector.CoyoteAdapter.service(CoyoteAdapter.java:342)
	at org.apache.coyote.http11.Http11Processor.service(Http11Processor.java:399)
	at org.apache.coyote.AbstractProcessorLight.process(AbstractProcessorLight.java:63)
	at org.apache.coyote.AbstractProtocol$ConnectionHandler.process(AbstractProtocol.java:1272)
	at org.apache.tomcat.util.net.NioEndpoint$SocketProcessor.doRun(NioEndpoint.java:1797)
	at org.apache.tomcat.util.net.SocketProcessorBase.run(SocketProcessorBase.java:52)
	at org.apache.tomcat.util.threads.ThreadPoolExecutor.runWorker(ThreadPoolExecutor.java:973)
	at org.apache.tomcat.util.threads.ThreadPoolExecutor$Worker.run(ThreadPoolExecutor.java:491)
	at org.apache.tomcat.util.threads.TaskThread$WrappingRunnable.run(TaskThread.java:63)
	at java.base/java.lang.Thread.run(Thread.java:842)
Caused by: com.fasterxml.jackson.databind.exc.InvalidDefinitionException: Java 8 date/time type `java.time.LocalDateTime` not supported by default: add Module "com.fasterxml.jackson.datatype:jackson-datatype-jsr310" to enable handling (or disable `MapperFeature.REQUIRE_HANDLERS_FOR_JAVA8_TIMES`) (through reference chain: com.recruit.smartrecruit.entity.Job["createTime"])
	at com.fasterxml.jackson.databind.exc.InvalidDefinitionException.from(InvalidDefinitionException.java:77)
	at com.fasterxml.jackson.databind.SerializerProvider.reportBadDefinition(SerializerProvider.java:1359)
	at com.fasterxml.jackson.databind.ser.impl.UnsupportedTypeSerializer.serialize(UnsupportedTypeSerializer.java:34)
	at com.fasterxml.jackson.databind.ser.BeanPropertyWriter.serializeAsField(BeanPropertyWriter.java:732)
	at com.fasterxml.jackson.databind.ser.std.BeanSerializerBase.serializeFields(BeanSerializerBase.java:760)
	at com.fasterxml.jackson.databind.ser.std.BeanSerializerBase.serializeWithType(BeanSerializerBase.java:643)
	at com.fasterxml.jackson.databind.ser.impl.TypeWrappedSerializer.serialize(TypeWrappedSerializer.java:32)
	at com.fasterxml.jackson.databind.ser.DefaultSerializerProvider._serialize(DefaultSerializerProvider.java:503)
	at com.fasterxml.jackson.databind.ser.DefaultSerializerProvider.serializeValue(DefaultSerializerProvider.java:342)
	at com.fasterxml.jackson.databind.ObjectMapper._writeValueAndClose(ObjectMapper.java:4938)
	at com.fasterxml.jackson.databind.ObjectMapper.writeValueAsBytes(ObjectMapper.java:4171)
	at org.springframework.data.redis.serializer.GenericJackson2JsonRedisSerializer.serialize(GenericJackson2JsonRedisSerializer.java:272)
	... 79 common frames omitted
2026-08-14 14:25:35.460 ERROR [http-nio-8081-exec-2][457a0f0370b143b7a960c2e43e02ddc9][userId=9] c.r.smartrecruit.exception.GlobalExceptionHandler - 系统发生未知异常
org.springframework.data.redis.serializer.SerializationException: Could not write JSON: Java 8 date/time type `java.time.LocalDateTime` not supported by default: add Module "com.fasterxml.jackson.datatype:jackson-datatype-jsr310" to enable handling (or disable `MapperFeature.REQUIRE_HANDLERS_FOR_JAVA8_TIMES`) (through reference chain: com.recruit.smartrecruit.entity.Job["createTime"])
	at org.springframework.data.redis.serializer.GenericJackson2JsonRedisSerializer.serialize(GenericJackson2JsonRedisSerializer.java:274)
	at org.springframework.data.redis.core.AbstractOperations.rawValue(AbstractOperations.java:148)
	at org.springframework.data.redis.core.DefaultValueOperations.set(DefaultValueOperations.java:207)
	at com.recruit.smartrecruit.service.impl.JobServiceImpl.findById(JobServiceImpl.java:58)
	at com.recruit.smartrecruit.controller.JobController.infoJob(JobController.java:49)
	at java.base/jdk.internal.reflect.NativeMethodAccessorImpl.invoke0(Native Method)
	at java.base/jdk.internal.reflect.NativeMethodAccessorImpl.invoke(NativeMethodAccessorImpl.java:77)
	at java.base/jdk.internal.reflect.DelegatingMethodAccessorImpl.invoke(DelegatingMethodAccessorImpl.java:43)
	at java.base/java.lang.reflect.Method.invoke(Method.java:568)
	at org.springframework.aop.support.AopUtils.invokeJoinpointUsingReflection(AopUtils.java:360)
	at org.springframework.aop.framework.ReflectiveMethodInvocation.invokeJoinpoint(ReflectiveMethodInvocation.java:196)
	at org.springframework.aop.framework.ReflectiveMethodInvocation.proceed(ReflectiveMethodInvocation.java:163)
	at org.springframework.aop.aspectj.MethodInvocationProceedingJoinPoint.proceed(MethodInvocationProceedingJoinPoint.java:89)
	at com.recruit.smartrecruit.aspect.OperationLogAspect.operationLog(OperationLogAspect.java:40)
	at java.base/jdk.internal.reflect.NativeMethodAccessorImpl.invoke0(Native Method)
	at java.base/jdk.internal.reflect.NativeMethodAccessorImpl.invoke(NativeMethodAccessorImpl.java:77)
	at java.base/jdk.internal.reflect.DelegatingMethodAccessorImpl.invoke(DelegatingMethodAccessorImpl.java:43)
	at java.base/java.lang.reflect.Method.invoke(Method.java:568)
	at org.springframework.aop.aspectj.AbstractAspectJAdvice.invokeAdviceMethodWithGivenArgs(AbstractAspectJAdvice.java:649)
	at org.springframework.aop.aspectj.AbstractAspectJAdvice.invokeAdviceMethod(AbstractAspectJAdvice.java:631)
	at org.springframework.aop.aspectj.AspectJAroundAdvice.invoke(AspectJAroundAdvice.java:71)
	at org.springframework.aop.framework.ReflectiveMethodInvocation.proceed(ReflectiveMethodInvocation.java:173)
	at org.springframework.aop.interceptor.ExposeInvocationInterceptor.invoke(ExposeInvocationInterceptor.java:97)
	at org.springframework.aop.framework.ReflectiveMethodInvocation.proceed(ReflectiveMethodInvocation.java:184)
	at org.springframework.aop.framework.CglibAopProxy$DynamicAdvisedInterceptor.intercept(CglibAopProxy.java:728)
	at com.recruit.smartrecruit.controller.JobController$$SpringCGLIB$$0.infoJob(<generated>)
	at java.base/jdk.internal.reflect.NativeMethodAccessorImpl.invoke0(Native Method)
	at java.base/jdk.internal.reflect.NativeMethodAccessorImpl.invoke(NativeMethodAccessorImpl.java:77)
	at java.base/jdk.internal.reflect.DelegatingMethodAccessorImpl.invoke(DelegatingMethodAccessorImpl.java:43)
	at java.base/java.lang.reflect.Method.invoke(Method.java:568)
	at org.springframework.web.method.support.InvocableHandlerMethod.doInvoke(InvocableHandlerMethod.java:258)
	at org.springframework.web.method.support.InvocableHandlerMethod.invokeForRequest(InvocableHandlerMethod.java:191)
	at org.springframework.web.servlet.mvc.method.annotation.ServletInvocableHandlerMethod.invokeAndHandle(ServletInvocableHandlerMethod.java:118)
	at org.springframework.web.servlet.mvc.method.annotation.RequestMappingHandlerAdapter.invokeHandlerMethod(RequestMappingHandlerAdapter.java:991)
	at org.springframework.web.servlet.mvc.method.annotation.RequestMappingHandlerAdapter.handleInternal(RequestMappingHandlerAdapter.java:896)
	at org.springframework.web.servlet.mvc.method.AbstractHandlerMethodAdapter.handle(AbstractHandlerMethodAdapter.java:87)
	at org.springframework.web.servlet.DispatcherServlet.doDispatch(DispatcherServlet.java:1089)
	at org.springframework.web.servlet.DispatcherServlet.doService(DispatcherServlet.java:979)
	at org.springframework.web.servlet.FrameworkServlet.processRequest(FrameworkServlet.java:1014)
	at org.springframework.web.servlet.FrameworkServlet.doGet(FrameworkServlet.java:903)
	at jakarta.servlet.http.HttpServlet.service(HttpServlet.java:564)
	at org.springframework.web.servlet.FrameworkServlet.service(FrameworkServlet.java:885)
	at jakarta.servlet.http.HttpServlet.service(HttpServlet.java:658)
	at org.apache.catalina.core.ApplicationFilterChain.internalDoFilter(ApplicationFilterChain.java:193)
	at org.apache.catalina.core.ApplicationFilterChain.doFilter(ApplicationFilterChain.java:138)
	at org.apache.tomcat.websocket.server.WsFilter.doFilter(WsFilter.java:51)
	at org.apache.catalina.core.ApplicationFilterChain.internalDoFilter(ApplicationFilterChain.java:162)
	at org.apache.catalina.core.ApplicationFilterChain.doFilter(ApplicationFilterChain.java:138)
	at com.recruit.smartrecruit.filter.RequestTraceFilter.doFilterInternal(RequestTraceFilter.java:48)
	at org.springframework.web.filter.OncePerRequestFilter.doFilter(OncePerRequestFilter.java:116)
	at org.apache.catalina.core.ApplicationFilterChain.internalDoFilter(ApplicationFilterChain.java:162)
	at org.apache.catalina.core.ApplicationFilterChain.doFilter(ApplicationFilterChain.java:138)
	at org.springframework.web.filter.RequestContextFilter.doFilterInternal(RequestContextFilter.java:100)
	at org.springframework.web.filter.OncePerRequestFilter.doFilter(OncePerRequestFilter.java:116)
	at org.apache.catalina.core.ApplicationFilterChain.internalDoFilter(ApplicationFilterChain.java:162)
	at org.apache.catalina.core.ApplicationFilterChain.doFilter(ApplicationFilterChain.java:138)
	at org.springframework.web.filter.FormContentFilter.doFilterInternal(FormContentFilter.java:93)
	at org.springframework.web.filter.OncePerRequestFilter.doFilter(OncePerRequestFilter.java:116)
	at org.apache.catalina.core.ApplicationFilterChain.internalDoFilter(ApplicationFilterChain.java:162)
	at org.apache.catalina.core.ApplicationFilterChain.doFilter(ApplicationFilterChain.java:138)
	at org.springframework.web.filter.CharacterEncodingFilter.doFilterInternal(CharacterEncodingFilter.java:201)
	at org.springframework.web.filter.OncePerRequestFilter.doFilter(OncePerRequestFilter.java:116)
	at org.apache.catalina.core.ApplicationFilterChain.internalDoFilter(ApplicationFilterChain.java:162)
	at org.apache.catalina.core.ApplicationFilterChain.doFilter(ApplicationFilterChain.java:138)
	at org.apache.catalina.core.StandardWrapperValve.invoke(StandardWrapperValve.java:165)
	at org.apache.catalina.core.StandardContextValve.invoke(StandardContextValve.java:88)
	at org.apache.catalina.authenticator.AuthenticatorBase.invoke(AuthenticatorBase.java:492)
	at org.apache.catalina.core.StandardHostValve.invoke(StandardHostValve.java:113)
	at org.apache.catalina.valves.ErrorReportValve.invoke(ErrorReportValve.java:83)
	at org.apache.catalina.core.StandardEngineValve.invoke(StandardEngineValve.java:72)
	at org.apache.catalina.connector.CoyoteAdapter.service(CoyoteAdapter.java:342)
	at org.apache.coyote.http11.Http11Processor.service(Http11Processor.java:399)
	at org.apache.coyote.AbstractProcessorLight.process(AbstractProcessorLight.java:63)
	at org.apache.coyote.AbstractProtocol$ConnectionHandler.process(AbstractProtocol.java:1272)
	at org.apache.tomcat.util.net.NioEndpoint$SocketProcessor.doRun(NioEndpoint.java:1797)
	at org.apache.tomcat.util.net.SocketProcessorBase.run(SocketProcessorBase.java:52)
	at org.apache.tomcat.util.threads.ThreadPoolExecutor.runWorker(ThreadPoolExecutor.java:973)
	at org.apache.tomcat.util.threads.ThreadPoolExecutor$Worker.run(ThreadPoolExecutor.java:491)
	at org.apache.tomcat.util.threads.TaskThread$WrappingRunnable.run(TaskThread.java:63)
	at java.base/java.lang.Thread.run(Thread.java:842)
Caused by: com.fasterxml.jackson.databind.exc.InvalidDefinitionException: Java 8 date/time type `java.time.LocalDateTime` not supported by default: add Module "com.fasterxml.jackson.datatype:jackson-datatype-jsr310" to enable handling (or disable `MapperFeature.REQUIRE_HANDLERS_FOR_JAVA8_TIMES`) (through reference chain: com.recruit.smartrecruit.entity.Job["createTime"])
	at com.fasterxml.jackson.databind.exc.InvalidDefinitionException.from(InvalidDefinitionException.java:77)
	at com.fasterxml.jackson.databind.SerializerProvider.reportBadDefinition(SerializerProvider.java:1359)
	at com.fasterxml.jackson.databind.ser.impl.UnsupportedTypeSerializer.serialize(UnsupportedTypeSerializer.java:34)
	at com.fasterxml.jackson.databind.ser.BeanPropertyWriter.serializeAsField(BeanPropertyWriter.java:732)
	at com.fasterxml.jackson.databind.ser.std.BeanSerializerBase.serializeFields(BeanSerializerBase.java:760)
	at com.fasterxml.jackson.databind.ser.std.BeanSerializerBase.serializeWithType(BeanSerializerBase.java:643)
	at com.fasterxml.jackson.databind.ser.impl.TypeWrappedSerializer.serialize(TypeWrappedSerializer.java:32)
	at com.fasterxml.jackson.databind.ser.DefaultSerializerProvider._serialize(DefaultSerializerProvider.java:503)
	at com.fasterxml.jackson.databind.ser.DefaultSerializerProvider.serializeValue(DefaultSerializerProvider.java:342)
	at com.fasterxml.jackson.databind.ObjectMapper._writeValueAndClose(ObjectMapper.java:4938)
	at com.fasterxml.jackson.databind.ObjectMapper.writeValueAsBytes(ObjectMapper.java:4171)
	at org.springframework.data.redis.serializer.GenericJackson2JsonRedisSerializer.serialize(GenericJackson2JsonRedisSerializer.java:272)
	... 79 common frames omitted
2026-08-14 14:25:35.485 INFO  [http-nio-8081-exec-2][457a0f0370b143b7a960c2e43e02ddc9][userId=] c.recruit.smartrecruit.filter.RequestTraceFilter - 请求结束 method=GET uri=/job/5 status=200 cost=818ms
2026-08-14 14:25:45.629 INFO  [http-nio-8081-exec-4][447087c99d2e4ee6bb8a1ea70a543567][userId=] c.recruit.smartrecruit.filter.RequestTraceFilter - 请求开始 method=POST uri=/user/login
2026-08-14 14:25:45.743 DEBUG [http-nio-8081-exec-4][447087c99d2e4ee6bb8a1ea70a543567][userId=] c.r.smartrecruit.mapper.UserMapper.findByUsername - ==>  Preparing: SELECT * FROM sys_user WHERE username = ?
2026-08-14 14:25:45.744 DEBUG [http-nio-8081-exec-4][447087c99d2e4ee6bb8a1ea70a543567][userId=] c.r.smartrecruit.mapper.UserMapper.findByUsername - ==> Parameters: company2(String)
2026-08-14 14:25:45.747 DEBUG [http-nio-8081-exec-4][447087c99d2e4ee6bb8a1ea70a543567][userId=] c.r.smartrecruit.mapper.UserMapper.findByUsername - <==      Total: 1
2026-08-14 14:25:45.760 INFO  [http-nio-8081-exec-4][447087c99d2e4ee6bb8a1ea70a543567][userId=] c.recruit.smartrecruit.filter.RequestTraceFilter - 请求结束 method=POST uri=/user/login status=200 cost=131ms
2026-08-14 14:25:52.978 INFO  [http-nio-8081-exec-3][7c78ac850f204d7b8f8e7c86fca28a32][userId=] c.recruit.smartrecruit.filter.RequestTraceFilter - 请求开始 method=GET uri=/job/5
2026-08-14 14:25:52.983 INFO  [http-nio-8081-exec-3][7c78ac850f204d7b8f8e7c86fca28a32][userId=9] c.recruit.smartrecruit.aspect.OperationLogAspect - 操作开始 operation=查询岗位详情
2026-08-14 14:25:52.983 DEBUG [http-nio-8081-exec-3][7c78ac850f204d7b8f8e7c86fca28a32][userId=9] c.recruit.smartrecruit.mapper.JobMapper.findById - ==>  Preparing: SELECT * FROM job WHERE id=?;
2026-08-14 14:25:52.987 DEBUG [http-nio-8081-exec-3][7c78ac850f204d7b8f8e7c86fca28a32][userId=9] c.recruit.smartrecruit.mapper.JobMapper.findById - ==> Parameters: 5(Long)
2026-08-14 14:25:52.991 DEBUG [http-nio-8081-exec-3][7c78ac850f204d7b8f8e7c86fca28a32][userId=9] c.recruit.smartrecruit.mapper.JobMapper.findById - <==      Total: 1
2026-08-14 14:25:52.993 ERROR [http-nio-8081-exec-3][7c78ac850f204d7b8f8e7c86fca28a32][userId=9] c.recruit.smartrecruit.aspect.OperationLogAspect - 操作异常 operation=查询岗位详情 cost=10ms
org.springframework.data.redis.serializer.SerializationException: Could not write JSON: Java 8 date/time type `java.time.LocalDateTime` not supported by default: add Module "com.fasterxml.jackson.datatype:jackson-datatype-jsr310" to enable handling (or disable `MapperFeature.REQUIRE_HANDLERS_FOR_JAVA8_TIMES`) (through reference chain: com.recruit.smartrecruit.entity.Job["createTime"])
	at org.springframework.data.redis.serializer.GenericJackson2JsonRedisSerializer.serialize(GenericJackson2JsonRedisSerializer.java:274)
	at org.springframework.data.redis.core.AbstractOperations.rawValue(AbstractOperations.java:148)
	at org.springframework.data.redis.core.DefaultValueOperations.set(DefaultValueOperations.java:207)
	at com.recruit.smartrecruit.service.impl.JobServiceImpl.findById(JobServiceImpl.java:58)
	at com.recruit.smartrecruit.controller.JobController.infoJob(JobController.java:49)
	at java.base/jdk.internal.reflect.NativeMethodAccessorImpl.invoke0(Native Method)
	at java.base/jdk.internal.reflect.NativeMethodAccessorImpl.invoke(NativeMethodAccessorImpl.java:77)
	at java.base/jdk.internal.reflect.DelegatingMethodAccessorImpl.invoke(DelegatingMethodAccessorImpl.java:43)
	at java.base/java.lang.reflect.Method.invoke(Method.java:568)
	at org.springframework.aop.support.AopUtils.invokeJoinpointUsingReflection(AopUtils.java:360)
	at org.springframework.aop.framework.ReflectiveMethodInvocation.invokeJoinpoint(ReflectiveMethodInvocation.java:196)
	at org.springframework.aop.framework.ReflectiveMethodInvocation.proceed(ReflectiveMethodInvocation.java:163)
	at org.springframework.aop.aspectj.MethodInvocationProceedingJoinPoint.proceed(MethodInvocationProceedingJoinPoint.java:89)
	at com.recruit.smartrecruit.aspect.OperationLogAspect.operationLog(OperationLogAspect.java:40)
	at java.base/jdk.internal.reflect.NativeMethodAccessorImpl.invoke0(Native Method)
	at java.base/jdk.internal.reflect.NativeMethodAccessorImpl.invoke(NativeMethodAccessorImpl.java:77)
	at java.base/jdk.internal.reflect.DelegatingMethodAccessorImpl.invoke(DelegatingMethodAccessorImpl.java:43)
	at java.base/java.lang.reflect.Method.invoke(Method.java:568)
	at org.springframework.aop.aspectj.AbstractAspectJAdvice.invokeAdviceMethodWithGivenArgs(AbstractAspectJAdvice.java:649)
	at org.springframework.aop.aspectj.AbstractAspectJAdvice.invokeAdviceMethod(AbstractAspectJAdvice.java:631)
	at org.springframework.aop.aspectj.AspectJAroundAdvice.invoke(AspectJAroundAdvice.java:71)
	at org.springframework.aop.framework.ReflectiveMethodInvocation.proceed(ReflectiveMethodInvocation.java:173)
	at org.springframework.aop.interceptor.ExposeInvocationInterceptor.invoke(ExposeInvocationInterceptor.java:97)
	at org.springframework.aop.framework.ReflectiveMethodInvocation.proceed(ReflectiveMethodInvocation.java:184)
	at org.springframework.aop.framework.CglibAopProxy$DynamicAdvisedInterceptor.intercept(CglibAopProxy.java:728)
	at com.recruit.smartrecruit.controller.JobController$$SpringCGLIB$$0.infoJob(<generated>)
	at java.base/jdk.internal.reflect.NativeMethodAccessorImpl.invoke0(Native Method)
	at java.base/jdk.internal.reflect.NativeMethodAccessorImpl.invoke(NativeMethodAccessorImpl.java:77)
	at java.base/jdk.internal.reflect.DelegatingMethodAccessorImpl.invoke(DelegatingMethodAccessorImpl.java:43)
	at java.base/java.lang.reflect.Method.invoke(Method.java:568)
	at org.springframework.web.method.support.InvocableHandlerMethod.doInvoke(InvocableHandlerMethod.java:258)
	at org.springframework.web.method.support.InvocableHandlerMethod.invokeForRequest(InvocableHandlerMethod.java:191)
	at org.springframework.web.servlet.mvc.method.annotation.ServletInvocableHandlerMethod.invokeAndHandle(ServletInvocableHandlerMethod.java:118)
	at org.springframework.web.servlet.mvc.method.annotation.RequestMappingHandlerAdapter.invokeHandlerMethod(RequestMappingHandlerAdapter.java:991)
	at org.springframework.web.servlet.mvc.method.annotation.RequestMappingHandlerAdapter.handleInternal(RequestMappingHandlerAdapter.java:896)
	at org.springframework.web.servlet.mvc.method.AbstractHandlerMethodAdapter.handle(AbstractHandlerMethodAdapter.java:87)
	at org.springframework.web.servlet.DispatcherServlet.doDispatch(DispatcherServlet.java:1089)
	at org.springframework.web.servlet.DispatcherServlet.doService(DispatcherServlet.java:979)
	at org.springframework.web.servlet.FrameworkServlet.processRequest(FrameworkServlet.java:1014)
	at org.springframework.web.servlet.FrameworkServlet.doGet(FrameworkServlet.java:903)
	at jakarta.servlet.http.HttpServlet.service(HttpServlet.java:564)
	at org.springframework.web.servlet.FrameworkServlet.service(FrameworkServlet.java:885)
	at jakarta.servlet.http.HttpServlet.service(HttpServlet.java:658)
	at org.apache.catalina.core.ApplicationFilterChain.internalDoFilter(ApplicationFilterChain.java:193)
	at org.apache.catalina.core.ApplicationFilterChain.doFilter(ApplicationFilterChain.java:138)
	at org.apache.tomcat.websocket.server.WsFilter.doFilter(WsFilter.java:51)
	at org.apache.catalina.core.ApplicationFilterChain.internalDoFilter(ApplicationFilterChain.java:162)
	at org.apache.catalina.core.ApplicationFilterChain.doFilter(ApplicationFilterChain.java:138)
	at com.recruit.smartrecruit.filter.RequestTraceFilter.doFilterInternal(RequestTraceFilter.java:48)
	at org.springframework.web.filter.OncePerRequestFilter.doFilter(OncePerRequestFilter.java:116)
	at org.apache.catalina.core.ApplicationFilterChain.internalDoFilter(ApplicationFilterChain.java:162)
	at org.apache.catalina.core.ApplicationFilterChain.doFilter(ApplicationFilterChain.java:138)
	at org.springframework.web.filter.RequestContextFilter.doFilterInternal(RequestContextFilter.java:100)
	at org.springframework.web.filter.OncePerRequestFilter.doFilter(OncePerRequestFilter.java:116)
	at org.apache.catalina.core.ApplicationFilterChain.internalDoFilter(ApplicationFilterChain.java:162)
	at org.apache.catalina.core.ApplicationFilterChain.doFilter(ApplicationFilterChain.java:138)
	at org.springframework.web.filter.FormContentFilter.doFilterInternal(FormContentFilter.java:93)
	at org.springframework.web.filter.OncePerRequestFilter.doFilter(OncePerRequestFilter.java:116)
	at org.apache.catalina.core.ApplicationFilterChain.internalDoFilter(ApplicationFilterChain.java:162)
	at org.apache.catalina.core.ApplicationFilterChain.doFilter(ApplicationFilterChain.java:138)
	at org.springframework.web.filter.CharacterEncodingFilter.doFilterInternal(CharacterEncodingFilter.java:201)
	at org.springframework.web.filter.OncePerRequestFilter.doFilter(OncePerRequestFilter.java:116)
	at org.apache.catalina.core.ApplicationFilterChain.internalDoFilter(ApplicationFilterChain.java:162)
	at org.apache.catalina.core.ApplicationFilterChain.doFilter(ApplicationFilterChain.java:138)
	at org.apache.catalina.core.StandardWrapperValve.invoke(StandardWrapperValve.java:165)
	at org.apache.catalina.core.StandardContextValve.invoke(StandardContextValve.java:88)
	at org.apache.catalina.authenticator.AuthenticatorBase.invoke(AuthenticatorBase.java:492)
	at org.apache.catalina.core.StandardHostValve.invoke(StandardHostValve.java:113)
	at org.apache.catalina.valves.ErrorReportValve.invoke(ErrorReportValve.java:83)
	at org.apache.catalina.core.StandardEngineValve.invoke(StandardEngineValve.java:72)
	at org.apache.catalina.connector.CoyoteAdapter.service(CoyoteAdapter.java:342)
	at org.apache.coyote.http11.Http11Processor.service(Http11Processor.java:399)
	at org.apache.coyote.AbstractProcessorLight.process(AbstractProcessorLight.java:63)
	at org.apache.coyote.AbstractProtocol$ConnectionHandler.process(AbstractProtocol.java:1272)
	at org.apache.tomcat.util.net.NioEndpoint$SocketProcessor.doRun(NioEndpoint.java:1797)
	at org.apache.tomcat.util.net.SocketProcessorBase.run(SocketProcessorBase.java:52)
	at org.apache.tomcat.util.threads.ThreadPoolExecutor.runWorker(ThreadPoolExecutor.java:973)
	at org.apache.tomcat.util.threads.ThreadPoolExecutor$Worker.run(ThreadPoolExecutor.java:491)
	at org.apache.tomcat.util.threads.TaskThread$WrappingRunnable.run(TaskThread.java:63)
	at java.base/java.lang.Thread.run(Thread.java:842)
Caused by: com.fasterxml.jackson.databind.exc.InvalidDefinitionException: Java 8 date/time type `java.time.LocalDateTime` not supported by default: add Module "com.fasterxml.jackson.datatype:jackson-datatype-jsr310" to enable handling (or disable `MapperFeature.REQUIRE_HANDLERS_FOR_JAVA8_TIMES`) (through reference chain: com.recruit.smartrecruit.entity.Job["createTime"])
	at com.fasterxml.jackson.databind.exc.InvalidDefinitionException.from(InvalidDefinitionException.java:77)
	at com.fasterxml.jackson.databind.SerializerProvider.reportBadDefinition(SerializerProvider.java:1359)
	at com.fasterxml.jackson.databind.ser.impl.UnsupportedTypeSerializer.serialize(UnsupportedTypeSerializer.java:34)
	at com.fasterxml.jackson.databind.ser.BeanPropertyWriter.serializeAsField(BeanPropertyWriter.java:732)
	at com.fasterxml.jackson.databind.ser.std.BeanSerializerBase.serializeFields(BeanSerializerBase.java:760)
	at com.fasterxml.jackson.databind.ser.std.BeanSerializerBase.serializeWithType(BeanSerializerBase.java:643)
	at com.fasterxml.jackson.databind.ser.impl.TypeWrappedSerializer.serialize(TypeWrappedSerializer.java:32)
	at com.fasterxml.jackson.databind.ser.DefaultSerializerProvider._serialize(DefaultSerializerProvider.java:503)
	at com.fasterxml.jackson.databind.ser.DefaultSerializerProvider.serializeValue(DefaultSerializerProvider.java:342)
	at com.fasterxml.jackson.databind.ObjectMapper._writeValueAndClose(ObjectMapper.java:4938)
	at com.fasterxml.jackson.databind.ObjectMapper.writeValueAsBytes(ObjectMapper.java:4171)
	at org.springframework.data.redis.serializer.GenericJackson2JsonRedisSerializer.serialize(GenericJackson2JsonRedisSerializer.java:272)
	... 79 common frames omitted
2026-08-14 14:25:52.999 ERROR [http-nio-8081-exec-3][7c78ac850f204d7b8f8e7c86fca28a32][userId=9] c.r.smartrecruit.exception.GlobalExceptionHandler - 系统发生未知异常
org.springframework.data.redis.serializer.SerializationException: Could not write JSON: Java 8 date/time type `java.time.LocalDateTime` not supported by default: add Module "com.fasterxml.jackson.datatype:jackson-datatype-jsr310" to enable handling (or disable `MapperFeature.REQUIRE_HANDLERS_FOR_JAVA8_TIMES`) (through reference chain: com.recruit.smartrecruit.entity.Job["createTime"])
	at org.springframework.data.redis.serializer.GenericJackson2JsonRedisSerializer.serialize(GenericJackson2JsonRedisSerializer.java:274)
	at org.springframework.data.redis.core.AbstractOperations.rawValue(AbstractOperations.java:148)
	at org.springframework.data.redis.core.DefaultValueOperations.set(DefaultValueOperations.java:207)
	at com.recruit.smartrecruit.service.impl.JobServiceImpl.findById(JobServiceImpl.java:58)
	at com.recruit.smartrecruit.controller.JobController.infoJob(JobController.java:49)
	at java.base/jdk.internal.reflect.NativeMethodAccessorImpl.invoke0(Native Method)
	at java.base/jdk.internal.reflect.NativeMethodAccessorImpl.invoke(NativeMethodAccessorImpl.java:77)
	at java.base/jdk.internal.reflect.DelegatingMethodAccessorImpl.invoke(DelegatingMethodAccessorImpl.java:43)
	at java.base/java.lang.reflect.Method.invoke(Method.java:568)
	at org.springframework.aop.support.AopUtils.invokeJoinpointUsingReflection(AopUtils.java:360)
	at org.springframework.aop.framework.ReflectiveMethodInvocation.invokeJoinpoint(ReflectiveMethodInvocation.java:196)
	at org.springframework.aop.framework.ReflectiveMethodInvocation.proceed(ReflectiveMethodInvocation.java:163)
	at org.springframework.aop.aspectj.MethodInvocationProceedingJoinPoint.proceed(MethodInvocationProceedingJoinPoint.java:89)
	at com.recruit.smartrecruit.aspect.OperationLogAspect.operationLog(OperationLogAspect.java:40)
	at java.base/jdk.internal.reflect.NativeMethodAccessorImpl.invoke0(Native Method)
	at java.base/jdk.internal.reflect.NativeMethodAccessorImpl.invoke(NativeMethodAccessorImpl.java:77)
	at java.base/jdk.internal.reflect.DelegatingMethodAccessorImpl.invoke(DelegatingMethodAccessorImpl.java:43)
	at java.base/java.lang.reflect.Method.invoke(Method.java:568)
	at org.springframework.aop.aspectj.AbstractAspectJAdvice.invokeAdviceMethodWithGivenArgs(AbstractAspectJAdvice.java:649)
	at org.springframework.aop.aspectj.AbstractAspectJAdvice.invokeAdviceMethod(AbstractAspectJAdvice.java:631)
	at org.springframework.aop.aspectj.AspectJAroundAdvice.invoke(AspectJAroundAdvice.java:71)
	at org.springframework.aop.framework.ReflectiveMethodInvocation.proceed(ReflectiveMethodInvocation.java:173)
	at org.springframework.aop.interceptor.ExposeInvocationInterceptor.invoke(ExposeInvocationInterceptor.java:97)
	at org.springframework.aop.framework.ReflectiveMethodInvocation.proceed(ReflectiveMethodInvocation.java:184)
	at org.springframework.aop.framework.CglibAopProxy$DynamicAdvisedInterceptor.intercept(CglibAopProxy.java:728)
	at com.recruit.smartrecruit.controller.JobController$$SpringCGLIB$$0.infoJob(<generated>)
	at java.base/jdk.internal.reflect.NativeMethodAccessorImpl.invoke0(Native Method)
	at java.base/jdk.internal.reflect.NativeMethodAccessorImpl.invoke(NativeMethodAccessorImpl.java:77)
	at java.base/jdk.internal.reflect.DelegatingMethodAccessorImpl.invoke(DelegatingMethodAccessorImpl.java:43)
	at java.base/java.lang.reflect.Method.invoke(Method.java:568)
	at org.springframework.web.method.support.InvocableHandlerMethod.doInvoke(InvocableHandlerMethod.java:258)
	at org.springframework.web.method.support.InvocableHandlerMethod.invokeForRequest(InvocableHandlerMethod.java:191)
	at org.springframework.web.servlet.mvc.method.annotation.ServletInvocableHandlerMethod.invokeAndHandle(ServletInvocableHandlerMethod.java:118)
	at org.springframework.web.servlet.mvc.method.annotation.RequestMappingHandlerAdapter.invokeHandlerMethod(RequestMappingHandlerAdapter.java:991)
	at org.springframework.web.servlet.mvc.method.annotation.RequestMappingHandlerAdapter.handleInternal(RequestMappingHandlerAdapter.java:896)
	at org.springframework.web.servlet.mvc.method.AbstractHandlerMethodAdapter.handle(AbstractHandlerMethodAdapter.java:87)
	at org.springframework.web.servlet.DispatcherServlet.doDispatch(DispatcherServlet.java:1089)
	at org.springframework.web.servlet.DispatcherServlet.doService(DispatcherServlet.java:979)
	at org.springframework.web.servlet.FrameworkServlet.processRequest(FrameworkServlet.java:1014)
	at org.springframework.web.servlet.FrameworkServlet.doGet(FrameworkServlet.java:903)
	at jakarta.servlet.http.HttpServlet.service(HttpServlet.java:564)
	at org.springframework.web.servlet.FrameworkServlet.service(FrameworkServlet.java:885)
	at jakarta.servlet.http.HttpServlet.service(HttpServlet.java:658)
	at org.apache.catalina.core.ApplicationFilterChain.internalDoFilter(ApplicationFilterChain.java:193)
	at org.apache.catalina.core.ApplicationFilterChain.doFilter(ApplicationFilterChain.java:138)
	at org.apache.tomcat.websocket.server.WsFilter.doFilter(WsFilter.java:51)
	at org.apache.catalina.core.ApplicationFilterChain.internalDoFilter(ApplicationFilterChain.java:162)
	at org.apache.catalina.core.ApplicationFilterChain.doFilter(ApplicationFilterChain.java:138)
	at com.recruit.smartrecruit.filter.RequestTraceFilter.doFilterInternal(RequestTraceFilter.java:48)
	at org.springframework.web.filter.OncePerRequestFilter.doFilter(OncePerRequestFilter.java:116)
	at org.apache.catalina.core.ApplicationFilterChain.internalDoFilter(ApplicationFilterChain.java:162)
	at org.apache.catalina.core.ApplicationFilterChain.doFilter(ApplicationFilterChain.java:138)
	at org.springframework.web.filter.RequestContextFilter.doFilterInternal(RequestContextFilter.java:100)
	at org.springframework.web.filter.OncePerRequestFilter.doFilter(OncePerRequestFilter.java:116)
	at org.apache.catalina.core.ApplicationFilterChain.internalDoFilter(ApplicationFilterChain.java:162)
	at org.apache.catalina.core.ApplicationFilterChain.doFilter(ApplicationFilterChain.java:138)
	at org.springframework.web.filter.FormContentFilter.doFilterInternal(FormContentFilter.java:93)
	at org.springframework.web.filter.OncePerRequestFilter.doFilter(OncePerRequestFilter.java:116)
	at org.apache.catalina.core.ApplicationFilterChain.internalDoFilter(ApplicationFilterChain.java:162)
	at org.apache.catalina.core.ApplicationFilterChain.doFilter(ApplicationFilterChain.java:138)
	at org.springframework.web.filter.CharacterEncodingFilter.doFilterInternal(CharacterEncodingFilter.java:201)
	at org.springframework.web.filter.OncePerRequestFilter.doFilter(OncePerRequestFilter.java:116)
	at org.apache.catalina.core.ApplicationFilterChain.internalDoFilter(ApplicationFilterChain.java:162)
	at org.apache.catalina.core.ApplicationFilterChain.doFilter(ApplicationFilterChain.java:138)
	at org.apache.catalina.core.StandardWrapperValve.invoke(StandardWrapperValve.java:165)
	at org.apache.catalina.core.StandardContextValve.invoke(StandardContextValve.java:88)
	at org.apache.catalina.authenticator.AuthenticatorBase.invoke(AuthenticatorBase.java:492)
	at org.apache.catalina.core.StandardHostValve.invoke(StandardHostValve.java:113)
	at org.apache.catalina.valves.ErrorReportValve.invoke(ErrorReportValve.java:83)
	at org.apache.catalina.core.StandardEngineValve.invoke(StandardEngineValve.java:72)
	at org.apache.catalina.connector.CoyoteAdapter.service(CoyoteAdapter.java:342)
	at org.apache.coyote.http11.Http11Processor.service(Http11Processor.java:399)
	at org.apache.coyote.AbstractProcessorLight.process(AbstractProcessorLight.java:63)
	at org.apache.coyote.AbstractProtocol$ConnectionHandler.process(AbstractProtocol.java:1272)
	at org.apache.tomcat.util.net.NioEndpoint$SocketProcessor.doRun(NioEndpoint.java:1797)
	at org.apache.tomcat.util.net.SocketProcessorBase.run(SocketProcessorBase.java:52)
	at org.apache.tomcat.util.threads.ThreadPoolExecutor.runWorker(ThreadPoolExecutor.java:973)
	at org.apache.tomcat.util.threads.ThreadPoolExecutor$Worker.run(ThreadPoolExecutor.java:491)
	at org.apache.tomcat.util.threads.TaskThread$WrappingRunnable.run(TaskThread.java:63)
	at java.base/java.lang.Thread.run(Thread.java:842)
Caused by: com.fasterxml.jackson.databind.exc.InvalidDefinitionException: Java 8 date/time type `java.time.LocalDateTime` not supported by default: add Module "com.fasterxml.jackson.datatype:jackson-datatype-jsr310" to enable handling (or disable `MapperFeature.REQUIRE_HANDLERS_FOR_JAVA8_TIMES`) (through reference chain: com.recruit.smartrecruit.entity.Job["createTime"])
	at com.fasterxml.jackson.databind.exc.InvalidDefinitionException.from(InvalidDefinitionException.java:77)
	at com.fasterxml.jackson.databind.SerializerProvider.reportBadDefinition(SerializerProvider.java:1359)
	at com.fasterxml.jackson.databind.ser.impl.UnsupportedTypeSerializer.serialize(UnsupportedTypeSerializer.java:34)
	at com.fasterxml.jackson.databind.ser.BeanPropertyWriter.serializeAsField(BeanPropertyWriter.java:732)
	at com.fasterxml.jackson.databind.ser.std.BeanSerializerBase.serializeFields(BeanSerializerBase.java:760)
	at com.fasterxml.jackson.databind.ser.std.BeanSerializerBase.serializeWithType(BeanSerializerBase.java:643)
	at com.fasterxml.jackson.databind.ser.impl.TypeWrappedSerializer.serialize(TypeWrappedSerializer.java:32)
	at com.fasterxml.jackson.databind.ser.DefaultSerializerProvider._serialize(DefaultSerializerProvider.java:503)
	at com.fasterxml.jackson.databind.ser.DefaultSerializerProvider.serializeValue(DefaultSerializerProvider.java:342)
	at com.fasterxml.jackson.databind.ObjectMapper._writeValueAndClose(ObjectMapper.java:4938)
	at com.fasterxml.jackson.databind.ObjectMapper.writeValueAsBytes(ObjectMapper.java:4171)
	at org.springframework.data.redis.serializer.GenericJackson2JsonRedisSerializer.serialize(GenericJackson2JsonRedisSerializer.java:272)
	... 79 common frames omitted
2026-08-14 14:25:53.003 INFO  [http-nio-8081-exec-3][7c78ac850f204d7b8f8e7c86fca28a32][userId=] c.recruit.smartrecruit.filter.RequestTraceFilter - 请求结束 method=GET uri=/job/5 status=200 cost=25ms
2026-08-14 14:26:50.930 INFO  [http-nio-8081-exec-5][311ad91632214a119b66929a6d4d7fba][userId=] c.recruit.smartrecruit.filter.RequestTraceFilter - 请求开始 method=POST uri=/user/login
2026-08-14 14:26:50.931 DEBUG [http-nio-8081-exec-5][311ad91632214a119b66929a6d4d7fba][userId=] c.r.smartrecruit.mapper.UserMapper.findByUsername - ==>  Preparing: SELECT * FROM sys_user WHERE username = ?
2026-08-14 14:26:50.932 DEBUG [http-nio-8081-exec-5][311ad91632214a119b66929a6d4d7fba][userId=] c.r.smartrecruit.mapper.UserMapper.findByUsername - ==> Parameters: company2(String)
2026-08-14 14:26:50.932 DEBUG [http-nio-8081-exec-5][311ad91632214a119b66929a6d4d7fba][userId=] c.r.smartrecruit.mapper.UserMapper.findByUsername - <==      Total: 1
2026-08-14 14:26:50.933 INFO  [http-nio-8081-exec-5][311ad91632214a119b66929a6d4d7fba][userId=] c.recruit.smartrecruit.filter.RequestTraceFilter - 请求结束 method=POST uri=/user/login status=200 cost=3ms
2026-08-14 14:26:56.633 INFO  [http-nio-8081-exec-8][fa97164282fb4d1bb082c3af2900d9b1][userId=] c.recruit.smartrecruit.filter.RequestTraceFilter - 请求开始 method=GET uri=/job/5
2026-08-14 14:26:56.635 INFO  [http-nio-8081-exec-8][fa97164282fb4d1bb082c3af2900d9b1][userId=9] c.recruit.smartrecruit.aspect.OperationLogAspect - 操作开始 operation=查询岗位详情
2026-08-14 14:26:56.639 DEBUG [http-nio-8081-exec-8][fa97164282fb4d1bb082c3af2900d9b1][userId=9] c.recruit.smartrecruit.mapper.JobMapper.findById - ==>  Preparing: SELECT * FROM job WHERE id=?;
2026-08-14 14:26:56.640 DEBUG [http-nio-8081-exec-8][fa97164282fb4d1bb082c3af2900d9b1][userId=9] c.recruit.smartrecruit.mapper.JobMapper.findById - ==> Parameters: 5(Long)
2026-08-14 14:26:56.643 DEBUG [http-nio-8081-exec-8][fa97164282fb4d1bb082c3af2900d9b1][userId=9] c.recruit.smartrecruit.mapper.JobMapper.findById - <==      Total: 1
2026-08-14 14:26:56.644 ERROR [http-nio-8081-exec-8][fa97164282fb4d1bb082c3af2900d9b1][userId=9] c.recruit.smartrecruit.aspect.OperationLogAspect - 操作异常 operation=查询岗位详情 cost=9ms
org.springframework.data.redis.serializer.SerializationException: Could not write JSON: Java 8 date/time type `java.time.LocalDateTime` not supported by default: add Module "com.fasterxml.jackson.datatype:jackson-datatype-jsr310" to enable handling (or disable `MapperFeature.REQUIRE_HANDLERS_FOR_JAVA8_TIMES`) (through reference chain: com.recruit.smartrecruit.entity.Job["createTime"])
	at org.springframework.data.redis.serializer.GenericJackson2JsonRedisSerializer.serialize(GenericJackson2JsonRedisSerializer.java:274)
	at org.springframework.data.redis.core.AbstractOperations.rawValue(AbstractOperations.java:148)
	at org.springframework.data.redis.core.DefaultValueOperations.set(DefaultValueOperations.java:207)
	at com.recruit.smartrecruit.service.impl.JobServiceImpl.findById(JobServiceImpl.java:58)
	at com.recruit.smartrecruit.controller.JobController.infoJob(JobController.java:49)
	at java.base/jdk.internal.reflect.NativeMethodAccessorImpl.invoke0(Native Method)
	at java.base/jdk.internal.reflect.NativeMethodAccessorImpl.invoke(NativeMethodAccessorImpl.java:77)
	at java.base/jdk.internal.reflect.DelegatingMethodAccessorImpl.invoke(DelegatingMethodAccessorImpl.java:43)
	at java.base/java.lang.reflect.Method.invoke(Method.java:568)
	at org.springframework.aop.support.AopUtils.invokeJoinpointUsingReflection(AopUtils.java:360)
	at org.springframework.aop.framework.ReflectiveMethodInvocation.invokeJoinpoint(ReflectiveMethodInvocation.java:196)
	at org.springframework.aop.framework.ReflectiveMethodInvocation.proceed(ReflectiveMethodInvocation.java:163)
	at org.springframework.aop.aspectj.MethodInvocationProceedingJoinPoint.proceed(MethodInvocationProceedingJoinPoint.java:89)
	at com.recruit.smartrecruit.aspect.OperationLogAspect.operationLog(OperationLogAspect.java:40)
	at java.base/jdk.internal.reflect.NativeMethodAccessorImpl.invoke0(Native Method)
	at java.base/jdk.internal.reflect.NativeMethodAccessorImpl.invoke(NativeMethodAccessorImpl.java:77)
	at java.base/jdk.internal.reflect.DelegatingMethodAccessorImpl.invoke(DelegatingMethodAccessorImpl.java:43)
	at java.base/java.lang.reflect.Method.invoke(Method.java:568)
	at org.springframework.aop.aspectj.AbstractAspectJAdvice.invokeAdviceMethodWithGivenArgs(AbstractAspectJAdvice.java:649)
	at org.springframework.aop.aspectj.AbstractAspectJAdvice.invokeAdviceMethod(AbstractAspectJAdvice.java:631)
	at org.springframework.aop.aspectj.AspectJAroundAdvice.invoke(AspectJAroundAdvice.java:71)
	at org.springframework.aop.framework.ReflectiveMethodInvocation.proceed(ReflectiveMethodInvocation.java:173)
	at org.springframework.aop.interceptor.ExposeInvocationInterceptor.invoke(ExposeInvocationInterceptor.java:97)
	at org.springframework.aop.framework.ReflectiveMethodInvocation.proceed(ReflectiveMethodInvocation.java:184)
	at org.springframework.aop.framework.CglibAopProxy$DynamicAdvisedInterceptor.intercept(CglibAopProxy.java:728)
	at com.recruit.smartrecruit.controller.JobController$$SpringCGLIB$$0.infoJob(<generated>)
	at java.base/jdk.internal.reflect.NativeMethodAccessorImpl.invoke0(Native Method)
	at java.base/jdk.internal.reflect.NativeMethodAccessorImpl.invoke(NativeMethodAccessorImpl.java:77)
	at java.base/jdk.internal.reflect.DelegatingMethodAccessorImpl.invoke(DelegatingMethodAccessorImpl.java:43)
	at java.base/java.lang.reflect.Method.invoke(Method.java:568)
	at org.springframework.web.method.support.InvocableHandlerMethod.doInvoke(InvocableHandlerMethod.java:258)
	at org.springframework.web.method.support.InvocableHandlerMethod.invokeForRequest(InvocableHandlerMethod.java:191)
	at org.springframework.web.servlet.mvc.method.annotation.ServletInvocableHandlerMethod.invokeAndHandle(ServletInvocableHandlerMethod.java:118)
	at org.springframework.web.servlet.mvc.method.annotation.RequestMappingHandlerAdapter.invokeHandlerMethod(RequestMappingHandlerAdapter.java:991)
	at org.springframework.web.servlet.mvc.method.annotation.RequestMappingHandlerAdapter.handleInternal(RequestMappingHandlerAdapter.java:896)
	at org.springframework.web.servlet.mvc.method.AbstractHandlerMethodAdapter.handle(AbstractHandlerMethodAdapter.java:87)
	at org.springframework.web.servlet.DispatcherServlet.doDispatch(DispatcherServlet.java:1089)
	at org.springframework.web.servlet.DispatcherServlet.doService(DispatcherServlet.java:979)
	at org.springframework.web.servlet.FrameworkServlet.processRequest(FrameworkServlet.java:1014)
	at org.springframework.web.servlet.FrameworkServlet.doGet(FrameworkServlet.java:903)
	at jakarta.servlet.http.HttpServlet.service(HttpServlet.java:564)
	at org.springframework.web.servlet.FrameworkServlet.service(FrameworkServlet.java:885)
	at jakarta.servlet.http.HttpServlet.service(HttpServlet.java:658)
	at org.apache.catalina.core.ApplicationFilterChain.internalDoFilter(ApplicationFilterChain.java:193)
	at org.apache.catalina.core.ApplicationFilterChain.doFilter(ApplicationFilterChain.java:138)
	at org.apache.tomcat.websocket.server.WsFilter.doFilter(WsFilter.java:51)
	at org.apache.catalina.core.ApplicationFilterChain.internalDoFilter(ApplicationFilterChain.java:162)
	at org.apache.catalina.core.ApplicationFilterChain.doFilter(ApplicationFilterChain.java:138)
	at com.recruit.smartrecruit.filter.RequestTraceFilter.doFilterInternal(RequestTraceFilter.java:48)
	at org.springframework.web.filter.OncePerRequestFilter.doFilter(OncePerRequestFilter.java:116)
	at org.apache.catalina.core.ApplicationFilterChain.internalDoFilter(ApplicationFilterChain.java:162)
	at org.apache.catalina.core.ApplicationFilterChain.doFilter(ApplicationFilterChain.java:138)
	at org.springframework.web.filter.RequestContextFilter.doFilterInternal(RequestContextFilter.java:100)
	at org.springframework.web.filter.OncePerRequestFilter.doFilter(OncePerRequestFilter.java:116)
	at org.apache.catalina.core.ApplicationFilterChain.internalDoFilter(ApplicationFilterChain.java:162)
	at org.apache.catalina.core.ApplicationFilterChain.doFilter(ApplicationFilterChain.java:138)
	at org.springframework.web.filter.FormContentFilter.doFilterInternal(FormContentFilter.java:93)
	at org.springframework.web.filter.OncePerRequestFilter.doFilter(OncePerRequestFilter.java:116)
	at org.apache.catalina.core.ApplicationFilterChain.internalDoFilter(ApplicationFilterChain.java:162)
	at org.apache.catalina.core.ApplicationFilterChain.doFilter(ApplicationFilterChain.java:138)
	at org.springframework.web.filter.CharacterEncodingFilter.doFilterInternal(CharacterEncodingFilter.java:201)
	at org.springframework.web.filter.OncePerRequestFilter.doFilter(OncePerRequestFilter.java:116)
	at org.apache.catalina.core.ApplicationFilterChain.internalDoFilter(ApplicationFilterChain.java:162)
	at org.apache.catalina.core.ApplicationFilterChain.doFilter(ApplicationFilterChain.java:138)
	at org.apache.catalina.core.StandardWrapperValve.invoke(StandardWrapperValve.java:165)
	at org.apache.catalina.core.StandardContextValve.invoke(StandardContextValve.java:88)
	at org.apache.catalina.authenticator.AuthenticatorBase.invoke(AuthenticatorBase.java:492)
	at org.apache.catalina.core.StandardHostValve.invoke(StandardHostValve.java:113)
	at org.apache.catalina.valves.ErrorReportValve.invoke(ErrorReportValve.java:83)
	at org.apache.catalina.core.StandardEngineValve.invoke(StandardEngineValve.java:72)
	at org.apache.catalina.connector.CoyoteAdapter.service(CoyoteAdapter.java:342)
	at org.apache.coyote.http11.Http11Processor.service(Http11Processor.java:399)
	at org.apache.coyote.AbstractProcessorLight.process(AbstractProcessorLight.java:63)
	at org.apache.coyote.AbstractProtocol$ConnectionHandler.process(AbstractProtocol.java:1272)
	at org.apache.tomcat.util.net.NioEndpoint$SocketProcessor.doRun(NioEndpoint.java:1797)
	at org.apache.tomcat.util.net.SocketProcessorBase.run(SocketProcessorBase.java:52)
	at org.apache.tomcat.util.threads.ThreadPoolExecutor.runWorker(ThreadPoolExecutor.java:973)
	at org.apache.tomcat.util.threads.ThreadPoolExecutor$Worker.run(ThreadPoolExecutor.java:491)
	at org.apache.tomcat.util.threads.TaskThread$WrappingRunnable.run(TaskThread.java:63)
	at java.base/java.lang.Thread.run(Thread.java:842)
Caused by: com.fasterxml.jackson.databind.exc.InvalidDefinitionException: Java 8 date/time type `java.time.LocalDateTime` not supported by default: add Module "com.fasterxml.jackson.datatype:jackson-datatype-jsr310" to enable handling (or disable `MapperFeature.REQUIRE_HANDLERS_FOR_JAVA8_TIMES`) (through reference chain: com.recruit.smartrecruit.entity.Job["createTime"])
	at com.fasterxml.jackson.databind.exc.InvalidDefinitionException.from(InvalidDefinitionException.java:77)
	at com.fasterxml.jackson.databind.SerializerProvider.reportBadDefinition(SerializerProvider.java:1359)
	at com.fasterxml.jackson.databind.ser.impl.UnsupportedTypeSerializer.serialize(UnsupportedTypeSerializer.java:34)
	at com.fasterxml.jackson.databind.ser.BeanPropertyWriter.serializeAsField(BeanPropertyWriter.java:732)
	at com.fasterxml.jackson.databind.ser.std.BeanSerializerBase.serializeFields(BeanSerializerBase.java:760)
	at com.fasterxml.jackson.databind.ser.std.BeanSerializerBase.serializeWithType(BeanSerializerBase.java:643)
	at com.fasterxml.jackson.databind.ser.impl.TypeWrappedSerializer.serialize(TypeWrappedSerializer.java:32)
	at com.fasterxml.jackson.databind.ser.DefaultSerializerProvider._serialize(DefaultSerializerProvider.java:503)
	at com.fasterxml.jackson.databind.ser.DefaultSerializerProvider.serializeValue(DefaultSerializerProvider.java:342)
	at com.fasterxml.jackson.databind.ObjectMapper._writeValueAndClose(ObjectMapper.java:4938)
	at com.fasterxml.jackson.databind.ObjectMapper.writeValueAsBytes(ObjectMapper.java:4171)
	at org.springframework.data.redis.serializer.GenericJackson2JsonRedisSerializer.serialize(GenericJackson2JsonRedisSerializer.java:272)
	... 79 common frames omitted
2026-08-14 14:26:56.649 ERROR [http-nio-8081-exec-8][fa97164282fb4d1bb082c3af2900d9b1][userId=9] c.r.smartrecruit.exception.GlobalExceptionHandler - 系统发生未知异常
org.springframework.data.redis.serializer.SerializationException: Could not write JSON: Java 8 date/time type `java.time.LocalDateTime` not supported by default: add Module "com.fasterxml.jackson.datatype:jackson-datatype-jsr310" to enable handling (or disable `MapperFeature.REQUIRE_HANDLERS_FOR_JAVA8_TIMES`) (through reference chain: com.recruit.smartrecruit.entity.Job["createTime"])
	at org.springframework.data.redis.serializer.GenericJackson2JsonRedisSerializer.serialize(GenericJackson2JsonRedisSerializer.java:274)
	at org.springframework.data.redis.core.AbstractOperations.rawValue(AbstractOperations.java:148)
	at org.springframework.data.redis.core.DefaultValueOperations.set(DefaultValueOperations.java:207)
	at com.recruit.smartrecruit.service.impl.JobServiceImpl.findById(JobServiceImpl.java:58)
	at com.recruit.smartrecruit.controller.JobController.infoJob(JobController.java:49)
	at java.base/jdk.internal.reflect.NativeMethodAccessorImpl.invoke0(Native Method)
	at java.base/jdk.internal.reflect.NativeMethodAccessorImpl.invoke(NativeMethodAccessorImpl.java:77)
	at java.base/jdk.internal.reflect.DelegatingMethodAccessorImpl.invoke(DelegatingMethodAccessorImpl.java:43)
	at java.base/java.lang.reflect.Method.invoke(Method.java:568)
	at org.springframework.aop.support.AopUtils.invokeJoinpointUsingReflection(AopUtils.java:360)
	at org.springframework.aop.framework.ReflectiveMethodInvocation.invokeJoinpoint(ReflectiveMethodInvocation.java:196)
	at org.springframework.aop.framework.ReflectiveMethodInvocation.proceed(ReflectiveMethodInvocation.java:163)
	at org.springframework.aop.aspectj.MethodInvocationProceedingJoinPoint.proceed(MethodInvocationProceedingJoinPoint.java:89)
	at com.recruit.smartrecruit.aspect.OperationLogAspect.operationLog(OperationLogAspect.java:40)
	at java.base/jdk.internal.reflect.NativeMethodAccessorImpl.invoke0(Native Method)
	at java.base/jdk.internal.reflect.NativeMethodAccessorImpl.invoke(NativeMethodAccessorImpl.java:77)
	at java.base/jdk.internal.reflect.DelegatingMethodAccessorImpl.invoke(DelegatingMethodAccessorImpl.java:43)
	at java.base/java.lang.reflect.Method.invoke(Method.java:568)
	at org.springframework.aop.aspectj.AbstractAspectJAdvice.invokeAdviceMethodWithGivenArgs(AbstractAspectJAdvice.java:649)
	at org.springframework.aop.aspectj.AbstractAspectJAdvice.invokeAdviceMethod(AbstractAspectJAdvice.java:631)
	at org.springframework.aop.aspectj.AspectJAroundAdvice.invoke(AspectJAroundAdvice.java:71)
	at org.springframework.aop.framework.ReflectiveMethodInvocation.proceed(ReflectiveMethodInvocation.java:173)
	at org.springframework.aop.interceptor.ExposeInvocationInterceptor.invoke(ExposeInvocationInterceptor.java:97)
	at org.springframework.aop.framework.ReflectiveMethodInvocation.proceed(ReflectiveMethodInvocation.java:184)
	at org.springframework.aop.framework.CglibAopProxy$DynamicAdvisedInterceptor.intercept(CglibAopProxy.java:728)
	at com.recruit.smartrecruit.controller.JobController$$SpringCGLIB$$0.infoJob(<generated>)
	at java.base/jdk.internal.reflect.NativeMethodAccessorImpl.invoke0(Native Method)
	at java.base/jdk.internal.reflect.NativeMethodAccessorImpl.invoke(NativeMethodAccessorImpl.java:77)
	at java.base/jdk.internal.reflect.DelegatingMethodAccessorImpl.invoke(DelegatingMethodAccessorImpl.java:43)
	at java.base/java.lang.reflect.Method.invoke(Method.java:568)
	at org.springframework.web.method.support.InvocableHandlerMethod.doInvoke(InvocableHandlerMethod.java:258)
	at org.springframework.web.method.support.InvocableHandlerMethod.invokeForRequest(InvocableHandlerMethod.java:191)
	at org.springframework.web.servlet.mvc.method.annotation.ServletInvocableHandlerMethod.invokeAndHandle(ServletInvocableHandlerMethod.java:118)
	at org.springframework.web.servlet.mvc.method.annotation.RequestMappingHandlerAdapter.invokeHandlerMethod(RequestMappingHandlerAdapter.java:991)
	at org.springframework.web.servlet.mvc.method.annotation.RequestMappingHandlerAdapter.handleInternal(RequestMappingHandlerAdapter.java:896)
	at org.springframework.web.servlet.mvc.method.AbstractHandlerMethodAdapter.handle(AbstractHandlerMethodAdapter.java:87)
	at org.springframework.web.servlet.DispatcherServlet.doDispatch(DispatcherServlet.java:1089)
	at org.springframework.web.servlet.DispatcherServlet.doService(DispatcherServlet.java:979)
	at org.springframework.web.servlet.FrameworkServlet.processRequest(FrameworkServlet.java:1014)
	at org.springframework.web.servlet.FrameworkServlet.doGet(FrameworkServlet.java:903)
	at jakarta.servlet.http.HttpServlet.service(HttpServlet.java:564)
	at org.springframework.web.servlet.FrameworkServlet.service(FrameworkServlet.java:885)
	at jakarta.servlet.http.HttpServlet.service(HttpServlet.java:658)
	at org.apache.catalina.core.ApplicationFilterChain.internalDoFilter(ApplicationFilterChain.java:193)
	at org.apache.catalina.core.ApplicationFilterChain.doFilter(ApplicationFilterChain.java:138)
	at org.apache.tomcat.websocket.server.WsFilter.doFilter(WsFilter.java:51)
	at org.apache.catalina.core.ApplicationFilterChain.internalDoFilter(ApplicationFilterChain.java:162)
	at org.apache.catalina.core.ApplicationFilterChain.doFilter(ApplicationFilterChain.java:138)
	at com.recruit.smartrecruit.filter.RequestTraceFilter.doFilterInternal(RequestTraceFilter.java:48)
	at org.springframework.web.filter.OncePerRequestFilter.doFilter(OncePerRequestFilter.java:116)
	at org.apache.catalina.core.ApplicationFilterChain.internalDoFilter(ApplicationFilterChain.java:162)
	at org.apache.catalina.core.ApplicationFilterChain.doFilter(ApplicationFilterChain.java:138)
	at org.springframework.web.filter.RequestContextFilter.doFilterInternal(RequestContextFilter.java:100)
	at org.springframework.web.filter.OncePerRequestFilter.doFilter(OncePerRequestFilter.java:116)
	at org.apache.catalina.core.ApplicationFilterChain.internalDoFilter(ApplicationFilterChain.java:162)
	at org.apache.catalina.core.ApplicationFilterChain.doFilter(ApplicationFilterChain.java:138)
	at org.springframework.web.filter.FormContentFilter.doFilterInternal(FormContentFilter.java:93)
	at org.springframework.web.filter.OncePerRequestFilter.doFilter(OncePerRequestFilter.java:116)
	at org.apache.catalina.core.ApplicationFilterChain.internalDoFilter(ApplicationFilterChain.java:162)
	at org.apache.catalina.core.ApplicationFilterChain.doFilter(ApplicationFilterChain.java:138)
	at org.springframework.web.filter.CharacterEncodingFilter.doFilterInternal(CharacterEncodingFilter.java:201)
	at org.springframework.web.filter.OncePerRequestFilter.doFilter(OncePerRequestFilter.java:116)
	at org.apache.catalina.core.ApplicationFilterChain.internalDoFilter(ApplicationFilterChain.java:162)
	at org.apache.catalina.core.ApplicationFilterChain.doFilter(ApplicationFilterChain.java:138)
	at org.apache.catalina.core.StandardWrapperValve.invoke(StandardWrapperValve.java:165)
	at org.apache.catalina.core.StandardContextValve.invoke(StandardContextValve.java:88)
	at org.apache.catalina.authenticator.AuthenticatorBase.invoke(AuthenticatorBase.java:492)
	at org.apache.catalina.core.StandardHostValve.invoke(StandardHostValve.java:113)
	at org.apache.catalina.valves.ErrorReportValve.invoke(ErrorReportValve.java:83)
	at org.apache.catalina.core.StandardEngineValve.invoke(StandardEngineValve.java:72)
	at org.apache.catalina.connector.CoyoteAdapter.service(CoyoteAdapter.java:342)
	at org.apache.coyote.http11.Http11Processor.service(Http11Processor.java:399)
	at org.apache.coyote.AbstractProcessorLight.process(AbstractProcessorLight.java:63)
	at org.apache.coyote.AbstractProtocol$ConnectionHandler.process(AbstractProtocol.java:1272)
	at org.apache.tomcat.util.net.NioEndpoint$SocketProcessor.doRun(NioEndpoint.java:1797)
	at org.apache.tomcat.util.net.SocketProcessorBase.run(SocketProcessorBase.java:52)
	at org.apache.tomcat.util.threads.ThreadPoolExecutor.runWorker(ThreadPoolExecutor.java:973)
	at org.apache.tomcat.util.threads.ThreadPoolExecutor$Worker.run(ThreadPoolExecutor.java:491)
	at org.apache.tomcat.util.threads.TaskThread$WrappingRunnable.run(TaskThread.java:63)
	at java.base/java.lang.Thread.run(Thread.java:842)
Caused by: com.fasterxml.jackson.databind.exc.InvalidDefinitionException: Java 8 date/time type `java.time.LocalDateTime` not supported by default: add Module "com.fasterxml.jackson.datatype:jackson-datatype-jsr310" to enable handling (or disable `MapperFeature.REQUIRE_HANDLERS_FOR_JAVA8_TIMES`) (through reference chain: com.recruit.smartrecruit.entity.Job["createTime"])
	at com.fasterxml.jackson.databind.exc.InvalidDefinitionException.from(InvalidDefinitionException.java:77)
	at com.fasterxml.jackson.databind.SerializerProvider.reportBadDefinition(SerializerProvider.java:1359)
	at com.fasterxml.jackson.databind.ser.impl.UnsupportedTypeSerializer.serialize(UnsupportedTypeSerializer.java:34)
	at com.fasterxml.jackson.databind.ser.BeanPropertyWriter.serializeAsField(BeanPropertyWriter.java:732)
	at com.fasterxml.jackson.databind.ser.std.BeanSerializerBase.serializeFields(BeanSerializerBase.java:760)
	at com.fasterxml.jackson.databind.ser.std.BeanSerializerBase.serializeWithType(BeanSerializerBase.java:643)
	at com.fasterxml.jackson.databind.ser.impl.TypeWrappedSerializer.serialize(TypeWrappedSerializer.java:32)
	at com.fasterxml.jackson.databind.ser.DefaultSerializerProvider._serialize(DefaultSerializerProvider.java:503)
	at com.fasterxml.jackson.databind.ser.DefaultSerializerProvider.serializeValue(DefaultSerializerProvider.java:342)
	at com.fasterxml.jackson.databind.ObjectMapper._writeValueAndClose(ObjectMapper.java:4938)
	at com.fasterxml.jackson.databind.ObjectMapper.writeValueAsBytes(ObjectMapper.java:4171)
	at org.springframework.data.redis.serializer.GenericJackson2JsonRedisSerializer.serialize(GenericJackson2JsonRedisSerializer.java:272)
	... 79 common frames omitted
2026-08-14 14:26:56.652 INFO  [http-nio-8081-exec-8][fa97164282fb4d1bb082c3af2900d9b1][userId=] c.recruit.smartrecruit.filter.RequestTraceFilter - 请求结束 method=GET uri=/job/5 status=200 cost=19ms
2026-08-14 14:30:28.738 INFO  [SpringApplicationShutdownHook][][userId=] o.s.boot.web.embedded.tomcat.GracefulShutdown - Commencing graceful shutdown. Waiting for active requests to complete
2026-08-14 14:30:29.151 INFO  [tomcat-shutdown][][userId=] o.s.boot.web.embedded.tomcat.GracefulShutdown - Graceful shutdown complete
2026-08-14 14:30:29.165 INFO  [SpringApplicationShutdownHook][][userId=] com.zaxxer.hikari.HikariDataSource - HikariPool-1 - Shutdown initiated...
2026-08-14 14:30:29.171 INFO  [SpringApplicationShutdownHook][][userId=] com.zaxxer.hikari.HikariDataSource - HikariPool-1 - Shutdown completed.
2026-08-14 14:30:33.127 INFO  [main][][userId=] com.recruit.smartrecruit.SmartRecruitApplication - Starting SmartRecruitApplication using Java 17.0.12 with PID 46396 (D:\project\smart-recruit\target\classes started by 李 in D:\project\smart-recruit)
2026-08-14 14:30:33.131 INFO  [main][][userId=] com.recruit.smartrecruit.SmartRecruitApplication - No active profile set, falling back to 1 default profile: "default"
2026-08-14 14:30:34.146 INFO  [main][][userId=] o.s.d.r.config.RepositoryConfigurationDelegate - Multiple Spring Data modules found, entering strict repository configuration mode
2026-08-14 14:30:34.148 INFO  [main][][userId=] o.s.d.r.config.RepositoryConfigurationDelegate - Bootstrapping Spring Data Redis repositories in DEFAULT mode.
2026-08-14 14:30:34.189 INFO  [main][][userId=] o.s.d.r.config.RepositoryConfigurationDelegate - Finished Spring Data repository scanning in 16 ms. Found 0 Redis repository interfaces.
2026-08-14 14:30:34.987 INFO  [main][][userId=] o.s.boot.web.embedded.tomcat.TomcatWebServer - Tomcat initialized with port 8081 (http)
2026-08-14 14:30:35.002 INFO  [main][][userId=] org.apache.catalina.core.StandardService - Starting service [Tomcat]
2026-08-14 14:30:35.002 INFO  [main][][userId=] org.apache.catalina.core.StandardEngine - Starting Servlet engine: [Apache Tomcat/10.1.55]
2026-08-14 14:30:35.082 INFO  [main][][userId=] o.a.c.core.ContainerBase.[Tomcat].[localhost].[/] - Initializing Spring embedded WebApplicationContext
2026-08-14 14:30:35.083 INFO  [main][][userId=] o.s.b.w.s.c.ServletWebServerApplicationContext - Root WebApplicationContext: initialization completed in 1910 ms
2026-08-14 14:30:37.392 INFO  [main][][userId=] o.s.boot.web.embedded.tomcat.TomcatWebServer - Tomcat started on port 8081 (http) with context path '/'
2026-08-14 14:30:37.410 INFO  [main][][userId=] com.recruit.smartrecruit.SmartRecruitApplication - Started SmartRecruitApplication in 4.79 seconds (process running for 5.118)
2026-08-14 14:30:50.961 INFO  [http-nio-8081-exec-2][][userId=] o.a.c.core.ContainerBase.[Tomcat].[localhost].[/] - Initializing Spring DispatcherServlet 'dispatcherServlet'
2026-08-14 14:30:50.961 INFO  [http-nio-8081-exec-2][][userId=] org.springframework.web.servlet.DispatcherServlet - Initializing Servlet 'dispatcherServlet'
2026-08-14 14:30:50.962 INFO  [http-nio-8081-exec-2][][userId=] org.springframework.web.servlet.DispatcherServlet - Completed initialization in 0 ms
2026-08-14 14:30:50.967 INFO  [http-nio-8081-exec-2][f6d4cefb48e2407997d757107d7a80ed][userId=] c.recruit.smartrecruit.filter.RequestTraceFilter - 请求开始 method=GET uri=/job/5
2026-08-14 14:30:51.043 INFO  [http-nio-8081-exec-2][f6d4cefb48e2407997d757107d7a80ed][userId=9] c.recruit.smartrecruit.aspect.OperationLogAspect - 操作开始 operation=查询岗位详情
2026-08-14 14:30:51.492 INFO  [http-nio-8081-exec-2][f6d4cefb48e2407997d757107d7a80ed][userId=9] com.zaxxer.hikari.HikariDataSource - HikariPool-1 - Starting...
2026-08-14 14:30:51.651 INFO  [http-nio-8081-exec-2][f6d4cefb48e2407997d757107d7a80ed][userId=9] com.zaxxer.hikari.pool.HikariPool - HikariPool-1 - Added connection com.mysql.cj.jdbc.ConnectionImpl@74909e70
2026-08-14 14:30:51.653 INFO  [http-nio-8081-exec-2][f6d4cefb48e2407997d757107d7a80ed][userId=9] com.zaxxer.hikari.HikariDataSource - HikariPool-1 - Start completed.
2026-08-14 14:30:51.661 DEBUG [http-nio-8081-exec-2][f6d4cefb48e2407997d757107d7a80ed][userId=9] c.recruit.smartrecruit.mapper.JobMapper.findById - ==>  Preparing: SELECT * FROM job WHERE id=?;
2026-08-14 14:30:51.684 DEBUG [http-nio-8081-exec-2][f6d4cefb48e2407997d757107d7a80ed][userId=9] c.recruit.smartrecruit.mapper.JobMapper.findById - ==> Parameters: 5(Long)
2026-08-14 14:30:51.742 DEBUG [http-nio-8081-exec-2][f6d4cefb48e2407997d757107d7a80ed][userId=9] c.recruit.smartrecruit.mapper.JobMapper.findById - <==      Total: 1
2026-08-14 14:30:51.804 INFO  [http-nio-8081-exec-2][f6d4cefb48e2407997d757107d7a80ed][userId=9] c.recruit.smartrecruit.aspect.OperationLogAspect - 操作成功 operation=查询岗位详情 cost=761ms
2026-08-14 14:30:51.825 INFO  [http-nio-8081-exec-2][f6d4cefb48e2407997d757107d7a80ed][userId=] c.recruit.smartrecruit.filter.RequestTraceFilter - 请求结束 method=GET uri=/job/5 status=200 cost=859ms
2026-08-14 14:30:54.752 INFO  [http-nio-8081-exec-3][55c3f186fe9246b4ba607d3dd344aac4][userId=] c.recruit.smartrecruit.filter.RequestTraceFilter - 请求开始 method=GET uri=/job/5
2026-08-14 14:30:54.754 INFO  [http-nio-8081-exec-3][55c3f186fe9246b4ba607d3dd344aac4][userId=9] c.recruit.smartrecruit.aspect.OperationLogAspect - 操作开始 operation=查询岗位详情
2026-08-14 14:30:54.762 ERROR [http-nio-8081-exec-3][55c3f186fe9246b4ba607d3dd344aac4][userId=9] c.recruit.smartrecruit.aspect.OperationLogAspect - 操作异常 operation=查询岗位详情 cost=8ms
java.lang.ClassCastException: class java.util.LinkedHashMap cannot be cast to class com.recruit.smartrecruit.entity.Job (java.util.LinkedHashMap is in module java.base of loader 'bootstrap'; com.recruit.smartrecruit.entity.Job is in unnamed module of loader 'app')
	at com.recruit.smartrecruit.service.impl.JobServiceImpl.findById(JobServiceImpl.java:49)
	at com.recruit.smartrecruit.controller.JobController.infoJob(JobController.java:49)
	at java.base/jdk.internal.reflect.NativeMethodAccessorImpl.invoke0(Native Method)
	at java.base/jdk.internal.reflect.NativeMethodAccessorImpl.invoke(NativeMethodAccessorImpl.java:77)
	at java.base/jdk.internal.reflect.DelegatingMethodAccessorImpl.invoke(DelegatingMethodAccessorImpl.java:43)
	at java.base/java.lang.reflect.Method.invoke(Method.java:568)
	at org.springframework.aop.support.AopUtils.invokeJoinpointUsingReflection(AopUtils.java:360)
	at org.springframework.aop.framework.ReflectiveMethodInvocation.invokeJoinpoint(ReflectiveMethodInvocation.java:196)
	at org.springframework.aop.framework.ReflectiveMethodInvocation.proceed(ReflectiveMethodInvocation.java:163)
	at org.springframework.aop.aspectj.MethodInvocationProceedingJoinPoint.proceed(MethodInvocationProceedingJoinPoint.java:89)
	at com.recruit.smartrecruit.aspect.OperationLogAspect.operationLog(OperationLogAspect.java:40)
	at java.base/jdk.internal.reflect.NativeMethodAccessorImpl.invoke0(Native Method)
	at java.base/jdk.internal.reflect.NativeMethodAccessorImpl.invoke(NativeMethodAccessorImpl.java:77)
	at java.base/jdk.internal.reflect.DelegatingMethodAccessorImpl.invoke(DelegatingMethodAccessorImpl.java:43)
	at java.base/java.lang.reflect.Method.invoke(Method.java:568)
	at org.springframework.aop.aspectj.AbstractAspectJAdvice.invokeAdviceMethodWithGivenArgs(AbstractAspectJAdvice.java:649)
	at org.springframework.aop.aspectj.AbstractAspectJAdvice.invokeAdviceMethod(AbstractAspectJAdvice.java:631)
	at org.springframework.aop.aspectj.AspectJAroundAdvice.invoke(AspectJAroundAdvice.java:71)
	at org.springframework.aop.framework.ReflectiveMethodInvocation.proceed(ReflectiveMethodInvocation.java:173)
	at org.springframework.aop.interceptor.ExposeInvocationInterceptor.invoke(ExposeInvocationInterceptor.java:97)
	at org.springframework.aop.framework.ReflectiveMethodInvocation.proceed(ReflectiveMethodInvocation.java:184)
	at org.springframework.aop.framework.CglibAopProxy$DynamicAdvisedInterceptor.intercept(CglibAopProxy.java:728)
	at com.recruit.smartrecruit.controller.JobController$$SpringCGLIB$$0.infoJob(<generated>)
	at java.base/jdk.internal.reflect.NativeMethodAccessorImpl.invoke0(Native Method)
	at java.base/jdk.internal.reflect.NativeMethodAccessorImpl.invoke(NativeMethodAccessorImpl.java:77)
	at java.base/jdk.internal.reflect.DelegatingMethodAccessorImpl.invoke(DelegatingMethodAccessorImpl.java:43)
	at java.base/java.lang.reflect.Method.invoke(Method.java:568)
	at org.springframework.web.method.support.InvocableHandlerMethod.doInvoke(InvocableHandlerMethod.java:258)
	at org.springframework.web.method.support.InvocableHandlerMethod.invokeForRequest(InvocableHandlerMethod.java:191)
	at org.springframework.web.servlet.mvc.method.annotation.ServletInvocableHandlerMethod.invokeAndHandle(ServletInvocableHandlerMethod.java:118)
	at org.springframework.web.servlet.mvc.method.annotation.RequestMappingHandlerAdapter.invokeHandlerMethod(RequestMappingHandlerAdapter.java:991)
	at org.springframework.web.servlet.mvc.method.annotation.RequestMappingHandlerAdapter.handleInternal(RequestMappingHandlerAdapter.java:896)
	at org.springframework.web.servlet.mvc.method.AbstractHandlerMethodAdapter.handle(AbstractHandlerMethodAdapter.java:87)
	at org.springframework.web.servlet.DispatcherServlet.doDispatch(DispatcherServlet.java:1089)
	at org.springframework.web.servlet.DispatcherServlet.doService(DispatcherServlet.java:979)
	at org.springframework.web.servlet.FrameworkServlet.processRequest(FrameworkServlet.java:1014)
	at org.springframework.web.servlet.FrameworkServlet.doGet(FrameworkServlet.java:903)
	at jakarta.servlet.http.HttpServlet.service(HttpServlet.java:564)
	at org.springframework.web.servlet.FrameworkServlet.service(FrameworkServlet.java:885)
	at jakarta.servlet.http.HttpServlet.service(HttpServlet.java:658)
	at org.apache.catalina.core.ApplicationFilterChain.internalDoFilter(ApplicationFilterChain.java:193)
	at org.apache.catalina.core.ApplicationFilterChain.doFilter(ApplicationFilterChain.java:138)
	at org.apache.tomcat.websocket.server.WsFilter.doFilter(WsFilter.java:51)
	at org.apache.catalina.core.ApplicationFilterChain.internalDoFilter(ApplicationFilterChain.java:162)
	at org.apache.catalina.core.ApplicationFilterChain.doFilter(ApplicationFilterChain.java:138)
	at com.recruit.smartrecruit.filter.RequestTraceFilter.doFilterInternal(RequestTraceFilter.java:48)
	at org.springframework.web.filter.OncePerRequestFilter.doFilter(OncePerRequestFilter.java:116)
	at org.apache.catalina.core.ApplicationFilterChain.internalDoFilter(ApplicationFilterChain.java:162)
	at org.apache.catalina.core.ApplicationFilterChain.doFilter(ApplicationFilterChain.java:138)
	at org.springframework.web.filter.RequestContextFilter.doFilterInternal(RequestContextFilter.java:100)
	at org.springframework.web.filter.OncePerRequestFilter.doFilter(OncePerRequestFilter.java:116)
	at org.apache.catalina.core.ApplicationFilterChain.internalDoFilter(ApplicationFilterChain.java:162)
	at org.apache.catalina.core.ApplicationFilterChain.doFilter(ApplicationFilterChain.java:138)
	at org.springframework.web.filter.FormContentFilter.doFilterInternal(FormContentFilter.java:93)
	at org.springframework.web.filter.OncePerRequestFilter.doFilter(OncePerRequestFilter.java:116)
	at org.apache.catalina.core.ApplicationFilterChain.internalDoFilter(ApplicationFilterChain.java:162)
	at org.apache.catalina.core.ApplicationFilterChain.doFilter(ApplicationFilterChain.java:138)
	at org.springframework.web.filter.CharacterEncodingFilter.doFilterInternal(CharacterEncodingFilter.java:201)
	at org.springframework.web.filter.OncePerRequestFilter.doFilter(OncePerRequestFilter.java:116)
	at org.apache.catalina.core.ApplicationFilterChain.internalDoFilter(ApplicationFilterChain.java:162)
	at org.apache.catalina.core.ApplicationFilterChain.doFilter(ApplicationFilterChain.java:138)
	at org.apache.catalina.core.StandardWrapperValve.invoke(StandardWrapperValve.java:165)
	at org.apache.catalina.core.StandardContextValve.invoke(StandardContextValve.java:88)
	at org.apache.catalina.authenticator.AuthenticatorBase.invoke(AuthenticatorBase.java:492)
	at org.apache.catalina.core.StandardHostValve.invoke(StandardHostValve.java:113)
	at org.apache.catalina.valves.ErrorReportValve.invoke(ErrorReportValve.java:83)
	at org.apache.catalina.core.StandardEngineValve.invoke(StandardEngineValve.java:72)
	at org.apache.catalina.connector.CoyoteAdapter.service(CoyoteAdapter.java:342)
	at org.apache.coyote.http11.Http11Processor.service(Http11Processor.java:399)
	at org.apache.coyote.AbstractProcessorLight.process(AbstractProcessorLight.java:63)
	at org.apache.coyote.AbstractProtocol$ConnectionHandler.process(AbstractProtocol.java:1272)
	at org.apache.tomcat.util.net.NioEndpoint$SocketProcessor.doRun(NioEndpoint.java:1797)
	at org.apache.tomcat.util.net.SocketProcessorBase.run(SocketProcessorBase.java:52)
	at org.apache.tomcat.util.threads.ThreadPoolExecutor.runWorker(ThreadPoolExecutor.java:973)
	at org.apache.tomcat.util.threads.ThreadPoolExecutor$Worker.run(ThreadPoolExecutor.java:491)
	at org.apache.tomcat.util.threads.TaskThread$WrappingRunnable.run(TaskThread.java:63)
	at java.base/java.lang.Thread.run(Thread.java:842)
2026-08-14 14:30:54.777 ERROR [http-nio-8081-exec-3][55c3f186fe9246b4ba607d3dd344aac4][userId=9] c.r.smartrecruit.exception.GlobalExceptionHandler - 系统发生未知异常
java.lang.ClassCastException: class java.util.LinkedHashMap cannot be cast to class com.recruit.smartrecruit.entity.Job (java.util.LinkedHashMap is in module java.base of loader 'bootstrap'; com.recruit.smartrecruit.entity.Job is in unnamed module of loader 'app')
	at com.recruit.smartrecruit.service.impl.JobServiceImpl.findById(JobServiceImpl.java:49)
	at com.recruit.smartrecruit.controller.JobController.infoJob(JobController.java:49)
	at java.base/jdk.internal.reflect.NativeMethodAccessorImpl.invoke0(Native Method)
	at java.base/jdk.internal.reflect.NativeMethodAccessorImpl.invoke(NativeMethodAccessorImpl.java:77)
	at java.base/jdk.internal.reflect.DelegatingMethodAccessorImpl.invoke(DelegatingMethodAccessorImpl.java:43)
	at java.base/java.lang.reflect.Method.invoke(Method.java:568)
	at org.springframework.aop.support.AopUtils.invokeJoinpointUsingReflection(AopUtils.java:360)
	at org.springframework.aop.framework.ReflectiveMethodInvocation.invokeJoinpoint(ReflectiveMethodInvocation.java:196)
	at org.springframework.aop.framework.ReflectiveMethodInvocation.proceed(ReflectiveMethodInvocation.java:163)
	at org.springframework.aop.aspectj.MethodInvocationProceedingJoinPoint.proceed(MethodInvocationProceedingJoinPoint.java:89)
	at com.recruit.smartrecruit.aspect.OperationLogAspect.operationLog(OperationLogAspect.java:40)
	at java.base/jdk.internal.reflect.NativeMethodAccessorImpl.invoke0(Native Method)
	at java.base/jdk.internal.reflect.NativeMethodAccessorImpl.invoke(NativeMethodAccessorImpl.java:77)
	at java.base/jdk.internal.reflect.DelegatingMethodAccessorImpl.invoke(DelegatingMethodAccessorImpl.java:43)
	at java.base/java.lang.reflect.Method.invoke(Method.java:568)
	at org.springframework.aop.aspectj.AbstractAspectJAdvice.invokeAdviceMethodWithGivenArgs(AbstractAspectJAdvice.java:649)
	at org.springframework.aop.aspectj.AbstractAspectJAdvice.invokeAdviceMethod(AbstractAspectJAdvice.java:631)
	at org.springframework.aop.aspectj.AspectJAroundAdvice.invoke(AspectJAroundAdvice.java:71)
	at org.springframework.aop.framework.ReflectiveMethodInvocation.proceed(ReflectiveMethodInvocation.java:173)
	at org.springframework.aop.interceptor.ExposeInvocationInterceptor.invoke(ExposeInvocationInterceptor.java:97)
	at org.springframework.aop.framework.ReflectiveMethodInvocation.proceed(ReflectiveMethodInvocation.java:184)
	at org.springframework.aop.framework.CglibAopProxy$DynamicAdvisedInterceptor.intercept(CglibAopProxy.java:728)
	at com.recruit.smartrecruit.controller.JobController$$SpringCGLIB$$0.infoJob(<generated>)
	at java.base/jdk.internal.reflect.NativeMethodAccessorImpl.invoke0(Native Method)
	at java.base/jdk.internal.reflect.NativeMethodAccessorImpl.invoke(NativeMethodAccessorImpl.java:77)
	at java.base/jdk.internal.reflect.DelegatingMethodAccessorImpl.invoke(DelegatingMethodAccessorImpl.java:43)
	at java.base/java.lang.reflect.Method.invoke(Method.java:568)
	at org.springframework.web.method.support.InvocableHandlerMethod.doInvoke(InvocableHandlerMethod.java:258)
	at org.springframework.web.method.support.InvocableHandlerMethod.invokeForRequest(InvocableHandlerMethod.java:191)
	at org.springframework.web.servlet.mvc.method.annotation.ServletInvocableHandlerMethod.invokeAndHandle(ServletInvocableHandlerMethod.java:118)
	at org.springframework.web.servlet.mvc.method.annotation.RequestMappingHandlerAdapter.invokeHandlerMethod(RequestMappingHandlerAdapter.java:991)
	at org.springframework.web.servlet.mvc.method.annotation.RequestMappingHandlerAdapter.handleInternal(RequestMappingHandlerAdapter.java:896)
	at org.springframework.web.servlet.mvc.method.AbstractHandlerMethodAdapter.handle(AbstractHandlerMethodAdapter.java:87)
	at org.springframework.web.servlet.DispatcherServlet.doDispatch(DispatcherServlet.java:1089)
	at org.springframework.web.servlet.DispatcherServlet.doService(DispatcherServlet.java:979)
	at org.springframework.web.servlet.FrameworkServlet.processRequest(FrameworkServlet.java:1014)
	at org.springframework.web.servlet.FrameworkServlet.doGet(FrameworkServlet.java:903)
	at jakarta.servlet.http.HttpServlet.service(HttpServlet.java:564)
	at org.springframework.web.servlet.FrameworkServlet.service(FrameworkServlet.java:885)
	at jakarta.servlet.http.HttpServlet.service(HttpServlet.java:658)
	at org.apache.catalina.core.ApplicationFilterChain.internalDoFilter(ApplicationFilterChain.java:193)
	at org.apache.catalina.core.ApplicationFilterChain.doFilter(ApplicationFilterChain.java:138)
	at org.apache.tomcat.websocket.server.WsFilter.doFilter(WsFilter.java:51)
	at org.apache.catalina.core.ApplicationFilterChain.internalDoFilter(ApplicationFilterChain.java:162)
	at org.apache.catalina.core.ApplicationFilterChain.doFilter(ApplicationFilterChain.java:138)
	at com.recruit.smartrecruit.filter.RequestTraceFilter.doFilterInternal(RequestTraceFilter.java:48)
	at org.springframework.web.filter.OncePerRequestFilter.doFilter(OncePerRequestFilter.java:116)
	at org.apache.catalina.core.ApplicationFilterChain.internalDoFilter(ApplicationFilterChain.java:162)
	at org.apache.catalina.core.ApplicationFilterChain.doFilter(ApplicationFilterChain.java:138)
	at org.springframework.web.filter.RequestContextFilter.doFilterInternal(RequestContextFilter.java:100)
	at org.springframework.web.filter.OncePerRequestFilter.doFilter(OncePerRequestFilter.java:116)
	at org.apache.catalina.core.ApplicationFilterChain.internalDoFilter(ApplicationFilterChain.java:162)
	at org.apache.catalina.core.ApplicationFilterChain.doFilter(ApplicationFilterChain.java:138)
	at org.springframework.web.filter.FormContentFilter.doFilterInternal(FormContentFilter.java:93)
	at org.springframework.web.filter.OncePerRequestFilter.doFilter(OncePerRequestFilter.java:116)
	at org.apache.catalina.core.ApplicationFilterChain.internalDoFilter(ApplicationFilterChain.java:162)
	at org.apache.catalina.core.ApplicationFilterChain.doFilter(ApplicationFilterChain.java:138)
	at org.springframework.web.filter.CharacterEncodingFilter.doFilterInternal(CharacterEncodingFilter.java:201)
	at org.springframework.web.filter.OncePerRequestFilter.doFilter(OncePerRequestFilter.java:116)
	at org.apache.catalina.core.ApplicationFilterChain.internalDoFilter(ApplicationFilterChain.java:162)
	at org.apache.catalina.core.ApplicationFilterChain.doFilter(ApplicationFilterChain.java:138)
	at org.apache.catalina.core.StandardWrapperValve.invoke(StandardWrapperValve.java:165)
	at org.apache.catalina.core.StandardContextValve.invoke(StandardContextValve.java:88)
	at org.apache.catalina.authenticator.AuthenticatorBase.invoke(AuthenticatorBase.java:492)
	at org.apache.catalina.core.StandardHostValve.invoke(StandardHostValve.java:113)
	at org.apache.catalina.valves.ErrorReportValve.invoke(ErrorReportValve.java:83)
	at org.apache.catalina.core.StandardEngineValve.invoke(StandardEngineValve.java:72)
	at org.apache.catalina.connector.CoyoteAdapter.service(CoyoteAdapter.java:342)
	at org.apache.coyote.http11.Http11Processor.service(Http11Processor.java:399)
	at org.apache.coyote.AbstractProcessorLight.process(AbstractProcessorLight.java:63)
	at org.apache.coyote.AbstractProtocol$ConnectionHandler.process(AbstractProtocol.java:1272)
	at org.apache.tomcat.util.net.NioEndpoint$SocketProcessor.doRun(NioEndpoint.java:1797)
	at org.apache.tomcat.util.net.SocketProcessorBase.run(SocketProcessorBase.java:52)
	at org.apache.tomcat.util.threads.ThreadPoolExecutor.runWorker(ThreadPoolExecutor.java:973)
	at org.apache.tomcat.util.threads.ThreadPoolExecutor$Worker.run(ThreadPoolExecutor.java:491)
	at org.apache.tomcat.util.threads.TaskThread$WrappingRunnable.run(TaskThread.java:63)
	at java.base/java.lang.Thread.run(Thread.java:842)
2026-08-14 14:30:54.787 INFO  [http-nio-8081-exec-3][55c3f186fe9246b4ba607d3dd344aac4][userId=] c.recruit.smartrecruit.filter.RequestTraceFilter - 请求结束 method=GET uri=/job/5 status=200 cost=35ms
2026-08-14 14:34:51.873 INFO  [SpringApplicationShutdownHook][][userId=] o.s.boot.web.embedded.tomcat.GracefulShutdown - Commencing graceful shutdown. Waiting for active requests to complete
2026-08-14 14:34:52.302 INFO  [tomcat-shutdown][][userId=] o.s.boot.web.embedded.tomcat.GracefulShutdown - Graceful shutdown complete
2026-08-14 14:34:52.314 INFO  [SpringApplicationShutdownHook][][userId=] com.zaxxer.hikari.HikariDataSource - HikariPool-1 - Shutdown initiated...
2026-08-14 14:34:52.320 INFO  [SpringApplicationShutdownHook][][userId=] com.zaxxer.hikari.HikariDataSource - HikariPool-1 - Shutdown completed.
2026-08-14 14:34:54.542 INFO  [main][][userId=] com.recruit.smartrecruit.SmartRecruitApplication - Starting SmartRecruitApplication using Java 17.0.12 with PID 276 (D:\project\smart-recruit\target\classes started by 李 in D:\project\smart-recruit)
2026-08-14 14:34:54.548 INFO  [main][][userId=] com.recruit.smartrecruit.SmartRecruitApplication - No active profile set, falling back to 1 default profile: "default"
2026-08-14 14:34:55.601 INFO  [main][][userId=] o.s.d.r.config.RepositoryConfigurationDelegate - Multiple Spring Data modules found, entering strict repository configuration mode
2026-08-14 14:34:55.604 INFO  [main][][userId=] o.s.d.r.config.RepositoryConfigurationDelegate - Bootstrapping Spring Data Redis repositories in DEFAULT mode.
2026-08-14 14:34:55.639 INFO  [main][][userId=] o.s.d.r.config.RepositoryConfigurationDelegate - Finished Spring Data repository scanning in 16 ms. Found 0 Redis repository interfaces.
2026-08-14 14:34:56.429 INFO  [main][][userId=] o.s.boot.web.embedded.tomcat.TomcatWebServer - Tomcat initialized with port 8081 (http)
2026-08-14 14:34:56.465 INFO  [main][][userId=] org.apache.catalina.core.StandardService - Starting service [Tomcat]
2026-08-14 14:34:56.465 INFO  [main][][userId=] org.apache.catalina.core.StandardEngine - Starting Servlet engine: [Apache Tomcat/10.1.55]
2026-08-14 14:34:56.537 INFO  [main][][userId=] o.a.c.core.ContainerBase.[Tomcat].[localhost].[/] - Initializing Spring embedded WebApplicationContext
2026-08-14 14:34:56.537 INFO  [main][][userId=] o.s.b.w.s.c.ServletWebServerApplicationContext - Root WebApplicationContext: initialization completed in 1912 ms
2026-08-14 14:34:58.819 INFO  [main][][userId=] o.s.boot.web.embedded.tomcat.TomcatWebServer - Tomcat started on port 8081 (http) with context path '/'
2026-08-14 14:34:58.839 INFO  [main][][userId=] com.recruit.smartrecruit.SmartRecruitApplication - Started SmartRecruitApplication in 4.828 seconds (process running for 5.153)
2026-08-14 14:35:08.707 INFO  [http-nio-8081-exec-2][][userId=] o.a.c.core.ContainerBase.[Tomcat].[localhost].[/] - Initializing Spring DispatcherServlet 'dispatcherServlet'
2026-08-14 14:35:08.707 INFO  [http-nio-8081-exec-2][][userId=] org.springframework.web.servlet.DispatcherServlet - Initializing Servlet 'dispatcherServlet'
2026-08-14 14:35:08.707 INFO  [http-nio-8081-exec-2][][userId=] org.springframework.web.servlet.DispatcherServlet - Completed initialization in 0 ms
2026-08-14 14:35:08.711 INFO  [http-nio-8081-exec-2][b000931b006747e786ac0eba757ba507][userId=] c.recruit.smartrecruit.filter.RequestTraceFilter - 请求开始 method=GET uri=/job/5
2026-08-14 14:35:08.778 INFO  [http-nio-8081-exec-2][b000931b006747e786ac0eba757ba507][userId=9] c.recruit.smartrecruit.aspect.OperationLogAspect - 操作开始 operation=查询岗位详情
2026-08-14 14:35:09.205 ERROR [http-nio-8081-exec-2][b000931b006747e786ac0eba757ba507][userId=9] c.recruit.smartrecruit.aspect.OperationLogAspect - 操作异常 operation=查询岗位详情 cost=427ms
java.lang.ClassCastException: class java.util.LinkedHashMap cannot be cast to class com.recruit.smartrecruit.entity.Job (java.util.LinkedHashMap is in module java.base of loader 'bootstrap'; com.recruit.smartrecruit.entity.Job is in unnamed module of loader 'app')
	at com.recruit.smartrecruit.service.impl.JobServiceImpl.findById(JobServiceImpl.java:49)
	at com.recruit.smartrecruit.controller.JobController.infoJob(JobController.java:49)
	at java.base/jdk.internal.reflect.NativeMethodAccessorImpl.invoke0(Native Method)
	at java.base/jdk.internal.reflect.NativeMethodAccessorImpl.invoke(NativeMethodAccessorImpl.java:77)
	at java.base/jdk.internal.reflect.DelegatingMethodAccessorImpl.invoke(DelegatingMethodAccessorImpl.java:43)
	at java.base/java.lang.reflect.Method.invoke(Method.java:568)
	at org.springframework.aop.support.AopUtils.invokeJoinpointUsingReflection(AopUtils.java:360)
	at org.springframework.aop.framework.ReflectiveMethodInvocation.invokeJoinpoint(ReflectiveMethodInvocation.java:196)
	at org.springframework.aop.framework.ReflectiveMethodInvocation.proceed(ReflectiveMethodInvocation.java:163)
	at org.springframework.aop.aspectj.MethodInvocationProceedingJoinPoint.proceed(MethodInvocationProceedingJoinPoint.java:89)
	at com.recruit.smartrecruit.aspect.OperationLogAspect.operationLog(OperationLogAspect.java:40)
	at java.base/jdk.internal.reflect.NativeMethodAccessorImpl.invoke0(Native Method)
	at java.base/jdk.internal.reflect.NativeMethodAccessorImpl.invoke(NativeMethodAccessorImpl.java:77)
	at java.base/jdk.internal.reflect.DelegatingMethodAccessorImpl.invoke(DelegatingMethodAccessorImpl.java:43)
	at java.base/java.lang.reflect.Method.invoke(Method.java:568)
	at org.springframework.aop.aspectj.AbstractAspectJAdvice.invokeAdviceMethodWithGivenArgs(AbstractAspectJAdvice.java:649)
	at org.springframework.aop.aspectj.AbstractAspectJAdvice.invokeAdviceMethod(AbstractAspectJAdvice.java:631)
	at org.springframework.aop.aspectj.AspectJAroundAdvice.invoke(AspectJAroundAdvice.java:71)
	at org.springframework.aop.framework.ReflectiveMethodInvocation.proceed(ReflectiveMethodInvocation.java:173)
	at org.springframework.aop.interceptor.ExposeInvocationInterceptor.invoke(ExposeInvocationInterceptor.java:97)
	at org.springframework.aop.framework.ReflectiveMethodInvocation.proceed(ReflectiveMethodInvocation.java:184)
	at org.springframework.aop.framework.CglibAopProxy$DynamicAdvisedInterceptor.intercept(CglibAopProxy.java:728)
	at com.recruit.smartrecruit.controller.JobController$$SpringCGLIB$$0.infoJob(<generated>)
	at java.base/jdk.internal.reflect.NativeMethodAccessorImpl.invoke0(Native Method)
	at java.base/jdk.internal.reflect.NativeMethodAccessorImpl.invoke(NativeMethodAccessorImpl.java:77)
	at java.base/jdk.internal.reflect.DelegatingMethodAccessorImpl.invoke(DelegatingMethodAccessorImpl.java:43)
	at java.base/java.lang.reflect.Method.invoke(Method.java:568)
	at org.springframework.web.method.support.InvocableHandlerMethod.doInvoke(InvocableHandlerMethod.java:258)
	at org.springframework.web.method.support.InvocableHandlerMethod.invokeForRequest(InvocableHandlerMethod.java:191)
	at org.springframework.web.servlet.mvc.method.annotation.ServletInvocableHandlerMethod.invokeAndHandle(ServletInvocableHandlerMethod.java:118)
	at org.springframework.web.servlet.mvc.method.annotation.RequestMappingHandlerAdapter.invokeHandlerMethod(RequestMappingHandlerAdapter.java:991)
	at org.springframework.web.servlet.mvc.method.annotation.RequestMappingHandlerAdapter.handleInternal(RequestMappingHandlerAdapter.java:896)
	at org.springframework.web.servlet.mvc.method.AbstractHandlerMethodAdapter.handle(AbstractHandlerMethodAdapter.java:87)
	at org.springframework.web.servlet.DispatcherServlet.doDispatch(DispatcherServlet.java:1089)
	at org.springframework.web.servlet.DispatcherServlet.doService(DispatcherServlet.java:979)
	at org.springframework.web.servlet.FrameworkServlet.processRequest(FrameworkServlet.java:1014)
	at org.springframework.web.servlet.FrameworkServlet.doGet(FrameworkServlet.java:903)
	at jakarta.servlet.http.HttpServlet.service(HttpServlet.java:564)
	at org.springframework.web.servlet.FrameworkServlet.service(FrameworkServlet.java:885)
	at jakarta.servlet.http.HttpServlet.service(HttpServlet.java:658)
	at org.apache.catalina.core.ApplicationFilterChain.internalDoFilter(ApplicationFilterChain.java:193)
	at org.apache.catalina.core.ApplicationFilterChain.doFilter(ApplicationFilterChain.java:138)
	at org.apache.tomcat.websocket.server.WsFilter.doFilter(WsFilter.java:51)
	at org.apache.catalina.core.ApplicationFilterChain.internalDoFilter(ApplicationFilterChain.java:162)
	at org.apache.catalina.core.ApplicationFilterChain.doFilter(ApplicationFilterChain.java:138)
	at com.recruit.smartrecruit.filter.RequestTraceFilter.doFilterInternal(RequestTraceFilter.java:48)
	at org.springframework.web.filter.OncePerRequestFilter.doFilter(OncePerRequestFilter.java:116)
	at org.apache.catalina.core.ApplicationFilterChain.internalDoFilter(ApplicationFilterChain.java:162)
	at org.apache.catalina.core.ApplicationFilterChain.doFilter(ApplicationFilterChain.java:138)
	at org.springframework.web.filter.RequestContextFilter.doFilterInternal(RequestContextFilter.java:100)
	at org.springframework.web.filter.OncePerRequestFilter.doFilter(OncePerRequestFilter.java:116)
	at org.apache.catalina.core.ApplicationFilterChain.internalDoFilter(ApplicationFilterChain.java:162)
	at org.apache.catalina.core.ApplicationFilterChain.doFilter(ApplicationFilterChain.java:138)
	at org.springframework.web.filter.FormContentFilter.doFilterInternal(FormContentFilter.java:93)
	at org.springframework.web.filter.OncePerRequestFilter.doFilter(OncePerRequestFilter.java:116)
	at org.apache.catalina.core.ApplicationFilterChain.internalDoFilter(ApplicationFilterChain.java:162)
	at org.apache.catalina.core.ApplicationFilterChain.doFilter(ApplicationFilterChain.java:138)
	at org.springframework.web.filter.CharacterEncodingFilter.doFilterInternal(CharacterEncodingFilter.java:201)
	at org.springframework.web.filter.OncePerRequestFilter.doFilter(OncePerRequestFilter.java:116)
	at org.apache.catalina.core.ApplicationFilterChain.internalDoFilter(ApplicationFilterChain.java:162)
	at org.apache.catalina.core.ApplicationFilterChain.doFilter(ApplicationFilterChain.java:138)
	at org.apache.catalina.core.StandardWrapperValve.invoke(StandardWrapperValve.java:165)
	at org.apache.catalina.core.StandardContextValve.invoke(StandardContextValve.java:88)
	at org.apache.catalina.authenticator.AuthenticatorBase.invoke(AuthenticatorBase.java:492)
	at org.apache.catalina.core.StandardHostValve.invoke(StandardHostValve.java:113)
	at org.apache.catalina.valves.ErrorReportValve.invoke(ErrorReportValve.java:83)
	at org.apache.catalina.core.StandardEngineValve.invoke(StandardEngineValve.java:72)
	at org.apache.catalina.connector.CoyoteAdapter.service(CoyoteAdapter.java:342)
	at org.apache.coyote.http11.Http11Processor.service(Http11Processor.java:399)
	at org.apache.coyote.AbstractProcessorLight.process(AbstractProcessorLight.java:63)
	at org.apache.coyote.AbstractProtocol$ConnectionHandler.process(AbstractProtocol.java:1272)
	at org.apache.tomcat.util.net.NioEndpoint$SocketProcessor.doRun(NioEndpoint.java:1797)
	at org.apache.tomcat.util.net.SocketProcessorBase.run(SocketProcessorBase.java:52)
	at org.apache.tomcat.util.threads.ThreadPoolExecutor.runWorker(ThreadPoolExecutor.java:973)
	at org.apache.tomcat.util.threads.ThreadPoolExecutor$Worker.run(ThreadPoolExecutor.java:491)
	at org.apache.tomcat.util.threads.TaskThread$WrappingRunnable.run(TaskThread.java:63)
	at java.base/java.lang.Thread.run(Thread.java:842)
2026-08-14 14:35:09.211 ERROR [http-nio-8081-exec-2][b000931b006747e786ac0eba757ba507][userId=9] c.r.smartrecruit.exception.GlobalExceptionHandler - 系统发生未知异常
java.lang.ClassCastException: class java.util.LinkedHashMap cannot be cast to class com.recruit.smartrecruit.entity.Job (java.util.LinkedHashMap is in module java.base of loader 'bootstrap'; com.recruit.smartrecruit.entity.Job is in unnamed module of loader 'app')
	at com.recruit.smartrecruit.service.impl.JobServiceImpl.findById(JobServiceImpl.java:49)
	at com.recruit.smartrecruit.controller.JobController.infoJob(JobController.java:49)
	at java.base/jdk.internal.reflect.NativeMethodAccessorImpl.invoke0(Native Method)
	at java.base/jdk.internal.reflect.NativeMethodAccessorImpl.invoke(NativeMethodAccessorImpl.java:77)
	at java.base/jdk.internal.reflect.DelegatingMethodAccessorImpl.invoke(DelegatingMethodAccessorImpl.java:43)
	at java.base/java.lang.reflect.Method.invoke(Method.java:568)
	at org.springframework.aop.support.AopUtils.invokeJoinpointUsingReflection(AopUtils.java:360)
	at org.springframework.aop.framework.ReflectiveMethodInvocation.invokeJoinpoint(ReflectiveMethodInvocation.java:196)
	at org.springframework.aop.framework.ReflectiveMethodInvocation.proceed(ReflectiveMethodInvocation.java:163)
	at org.springframework.aop.aspectj.MethodInvocationProceedingJoinPoint.proceed(MethodInvocationProceedingJoinPoint.java:89)
	at com.recruit.smartrecruit.aspect.OperationLogAspect.operationLog(OperationLogAspect.java:40)
	at java.base/jdk.internal.reflect.NativeMethodAccessorImpl.invoke0(Native Method)
	at java.base/jdk.internal.reflect.NativeMethodAccessorImpl.invoke(NativeMethodAccessorImpl.java:77)
	at java.base/jdk.internal.reflect.DelegatingMethodAccessorImpl.invoke(DelegatingMethodAccessorImpl.java:43)
	at java.base/java.lang.reflect.Method.invoke(Method.java:568)
	at org.springframework.aop.aspectj.AbstractAspectJAdvice.invokeAdviceMethodWithGivenArgs(AbstractAspectJAdvice.java:649)
	at org.springframework.aop.aspectj.AbstractAspectJAdvice.invokeAdviceMethod(AbstractAspectJAdvice.java:631)
	at org.springframework.aop.aspectj.AspectJAroundAdvice.invoke(AspectJAroundAdvice.java:71)
	at org.springframework.aop.framework.ReflectiveMethodInvocation.proceed(ReflectiveMethodInvocation.java:173)
	at org.springframework.aop.interceptor.ExposeInvocationInterceptor.invoke(ExposeInvocationInterceptor.java:97)
	at org.springframework.aop.framework.ReflectiveMethodInvocation.proceed(ReflectiveMethodInvocation.java:184)
	at org.springframework.aop.framework.CglibAopProxy$DynamicAdvisedInterceptor.intercept(CglibAopProxy.java:728)
	at com.recruit.smartrecruit.controller.JobController$$SpringCGLIB$$0.infoJob(<generated>)
	at java.base/jdk.internal.reflect.NativeMethodAccessorImpl.invoke0(Native Method)
	at java.base/jdk.internal.reflect.NativeMethodAccessorImpl.invoke(NativeMethodAccessorImpl.java:77)
	at java.base/jdk.internal.reflect.DelegatingMethodAccessorImpl.invoke(DelegatingMethodAccessorImpl.java:43)
	at java.base/java.lang.reflect.Method.invoke(Method.java:568)
	at org.springframework.web.method.support.InvocableHandlerMethod.doInvoke(InvocableHandlerMethod.java:258)
	at org.springframework.web.method.support.InvocableHandlerMethod.invokeForRequest(InvocableHandlerMethod.java:191)
	at org.springframework.web.servlet.mvc.method.annotation.ServletInvocableHandlerMethod.invokeAndHandle(ServletInvocableHandlerMethod.java:118)
	at org.springframework.web.servlet.mvc.method.annotation.RequestMappingHandlerAdapter.invokeHandlerMethod(RequestMappingHandlerAdapter.java:991)
	at org.springframework.web.servlet.mvc.method.annotation.RequestMappingHandlerAdapter.handleInternal(RequestMappingHandlerAdapter.java:896)
	at org.springframework.web.servlet.mvc.method.AbstractHandlerMethodAdapter.handle(AbstractHandlerMethodAdapter.java:87)
	at org.springframework.web.servlet.DispatcherServlet.doDispatch(DispatcherServlet.java:1089)
	at org.springframework.web.servlet.DispatcherServlet.doService(DispatcherServlet.java:979)
	at org.springframework.web.servlet.FrameworkServlet.processRequest(FrameworkServlet.java:1014)
	at org.springframework.web.servlet.FrameworkServlet.doGet(FrameworkServlet.java:903)
	at jakarta.servlet.http.HttpServlet.service(HttpServlet.java:564)
	at org.springframework.web.servlet.FrameworkServlet.service(FrameworkServlet.java:885)
	at jakarta.servlet.http.HttpServlet.service(HttpServlet.java:658)
	at org.apache.catalina.core.ApplicationFilterChain.internalDoFilter(ApplicationFilterChain.java:193)
	at org.apache.catalina.core.ApplicationFilterChain.doFilter(ApplicationFilterChain.java:138)
	at org.apache.tomcat.websocket.server.WsFilter.doFilter(WsFilter.java:51)
	at org.apache.catalina.core.ApplicationFilterChain.internalDoFilter(ApplicationFilterChain.java:162)
	at org.apache.catalina.core.ApplicationFilterChain.doFilter(ApplicationFilterChain.java:138)
	at com.recruit.smartrecruit.filter.RequestTraceFilter.doFilterInternal(RequestTraceFilter.java:48)
	at org.springframework.web.filter.OncePerRequestFilter.doFilter(OncePerRequestFilter.java:116)
	at org.apache.catalina.core.ApplicationFilterChain.internalDoFilter(ApplicationFilterChain.java:162)
	at org.apache.catalina.core.ApplicationFilterChain.doFilter(ApplicationFilterChain.java:138)
	at org.springframework.web.filter.RequestContextFilter.doFilterInternal(RequestContextFilter.java:100)
	at org.springframework.web.filter.OncePerRequestFilter.doFilter(OncePerRequestFilter.java:116)
	at org.apache.catalina.core.ApplicationFilterChain.internalDoFilter(ApplicationFilterChain.java:162)
	at org.apache.catalina.core.ApplicationFilterChain.doFilter(ApplicationFilterChain.java:138)
	at org.springframework.web.filter.FormContentFilter.doFilterInternal(FormContentFilter.java:93)
	at org.springframework.web.filter.OncePerRequestFilter.doFilter(OncePerRequestFilter.java:116)
	at org.apache.catalina.core.ApplicationFilterChain.internalDoFilter(ApplicationFilterChain.java:162)
	at org.apache.catalina.core.ApplicationFilterChain.doFilter(ApplicationFilterChain.java:138)
	at org.springframework.web.filter.CharacterEncodingFilter.doFilterInternal(CharacterEncodingFilter.java:201)
	at org.springframework.web.filter.OncePerRequestFilter.doFilter(OncePerRequestFilter.java:116)
	at org.apache.catalina.core.ApplicationFilterChain.internalDoFilter(ApplicationFilterChain.java:162)
	at org.apache.catalina.core.ApplicationFilterChain.doFilter(ApplicationFilterChain.java:138)
	at org.apache.catalina.core.StandardWrapperValve.invoke(StandardWrapperValve.java:165)
	at org.apache.catalina.core.StandardContextValve.invoke(StandardContextValve.java:88)
	at org.apache.catalina.authenticator.AuthenticatorBase.invoke(AuthenticatorBase.java:492)
	at org.apache.catalina.core.StandardHostValve.invoke(StandardHostValve.java:113)
	at org.apache.catalina.valves.ErrorReportValve.invoke(ErrorReportValve.java:83)
	at org.apache.catalina.core.StandardEngineValve.invoke(StandardEngineValve.java:72)
	at org.apache.catalina.connector.CoyoteAdapter.service(CoyoteAdapter.java:342)
	at org.apache.coyote.http11.Http11Processor.service(Http11Processor.java:399)
	at org.apache.coyote.AbstractProcessorLight.process(AbstractProcessorLight.java:63)
	at org.apache.coyote.AbstractProtocol$ConnectionHandler.process(AbstractProtocol.java:1272)
	at org.apache.tomcat.util.net.NioEndpoint$SocketProcessor.doRun(NioEndpoint.java:1797)
	at org.apache.tomcat.util.net.SocketProcessorBase.run(SocketProcessorBase.java:52)
	at org.apache.tomcat.util.threads.ThreadPoolExecutor.runWorker(ThreadPoolExecutor.java:973)
	at org.apache.tomcat.util.threads.ThreadPoolExecutor$Worker.run(ThreadPoolExecutor.java:491)
	at org.apache.tomcat.util.threads.TaskThread$WrappingRunnable.run(TaskThread.java:63)
	at java.base/java.lang.Thread.run(Thread.java:842)
2026-08-14 14:35:09.245 INFO  [http-nio-8081-exec-2][b000931b006747e786ac0eba757ba507][userId=] c.recruit.smartrecruit.filter.RequestTraceFilter - 请求结束 method=GET uri=/job/5 status=200 cost=533ms
2026-08-14 14:38:33.095 INFO  [SpringApplicationShutdownHook][][userId=] o.s.boot.web.embedded.tomcat.GracefulShutdown - Commencing graceful shutdown. Waiting for active requests to complete
2026-08-14 14:38:33.526 INFO  [tomcat-shutdown][][userId=] o.s.boot.web.embedded.tomcat.GracefulShutdown - Graceful shutdown complete
2026-08-14 14:38:37.395 INFO  [main][][userId=] com.recruit.smartrecruit.SmartRecruitApplication - Starting SmartRecruitApplication using Java 17.0.12 with PID 32596 (D:\project\smart-recruit\target\classes started by 李 in D:\project\smart-recruit)
2026-08-14 14:38:37.400 INFO  [main][][userId=] com.recruit.smartrecruit.SmartRecruitApplication - No active profile set, falling back to 1 default profile: "default"
2026-08-14 14:38:38.460 INFO  [main][][userId=] o.s.d.r.config.RepositoryConfigurationDelegate - Multiple Spring Data modules found, entering strict repository configuration mode
2026-08-14 14:38:38.465 INFO  [main][][userId=] o.s.d.r.config.RepositoryConfigurationDelegate - Bootstrapping Spring Data Redis repositories in DEFAULT mode.
2026-08-14 14:38:38.499 INFO  [main][][userId=] o.s.d.r.config.RepositoryConfigurationDelegate - Finished Spring Data repository scanning in 14 ms. Found 0 Redis repository interfaces.
2026-08-14 14:38:39.321 INFO  [main][][userId=] o.s.boot.web.embedded.tomcat.TomcatWebServer - Tomcat initialized with port 8081 (http)
2026-08-14 14:38:39.349 INFO  [main][][userId=] org.apache.catalina.core.StandardService - Starting service [Tomcat]
2026-08-14 14:38:39.349 INFO  [main][][userId=] org.apache.catalina.core.StandardEngine - Starting Servlet engine: [Apache Tomcat/10.1.55]
2026-08-14 14:38:39.433 INFO  [main][][userId=] o.a.c.core.ContainerBase.[Tomcat].[localhost].[/] - Initializing Spring embedded WebApplicationContext
2026-08-14 14:38:39.433 INFO  [main][][userId=] o.s.b.w.s.c.ServletWebServerApplicationContext - Root WebApplicationContext: initialization completed in 1983 ms
2026-08-14 14:38:41.505 INFO  [main][][userId=] o.s.boot.web.embedded.tomcat.TomcatWebServer - Tomcat started on port 8081 (http) with context path '/'
2026-08-14 14:38:41.523 INFO  [main][][userId=] com.recruit.smartrecruit.SmartRecruitApplication - Started SmartRecruitApplication in 4.638 seconds (process running for 4.975)
2026-08-14 14:39:21.322 INFO  [SpringApplicationShutdownHook][][userId=] o.s.boot.web.embedded.tomcat.GracefulShutdown - Commencing graceful shutdown. Waiting for active requests to complete
2026-08-14 14:39:21.760 INFO  [tomcat-shutdown][][userId=] o.s.boot.web.embedded.tomcat.GracefulShutdown - Graceful shutdown complete
2026-08-14 14:39:25.549 INFO  [main][][userId=] com.recruit.smartrecruit.SmartRecruitApplication - Starting SmartRecruitApplication using Java 17.0.12 with PID 36004 (D:\project\smart-recruit\target\classes started by 李 in D:\project\smart-recruit)
2026-08-14 14:39:25.551 INFO  [main][][userId=] com.recruit.smartrecruit.SmartRecruitApplication - No active profile set, falling back to 1 default profile: "default"
2026-08-14 14:39:26.695 INFO  [main][][userId=] o.s.d.r.config.RepositoryConfigurationDelegate - Multiple Spring Data modules found, entering strict repository configuration mode
2026-08-14 14:39:26.700 INFO  [main][][userId=] o.s.d.r.config.RepositoryConfigurationDelegate - Bootstrapping Spring Data Redis repositories in DEFAULT mode.
2026-08-14 14:39:26.755 INFO  [main][][userId=] o.s.d.r.config.RepositoryConfigurationDelegate - Finished Spring Data repository scanning in 24 ms. Found 0 Redis repository interfaces.
2026-08-14 14:39:27.600 INFO  [main][][userId=] o.s.boot.web.embedded.tomcat.TomcatWebServer - Tomcat initialized with port 8081 (http)
2026-08-14 14:39:27.618 INFO  [main][][userId=] org.apache.catalina.core.StandardService - Starting service [Tomcat]
2026-08-14 14:39:27.618 INFO  [main][][userId=] org.apache.catalina.core.StandardEngine - Starting Servlet engine: [Apache Tomcat/10.1.55]
2026-08-14 14:39:27.701 INFO  [main][][userId=] o.a.c.core.ContainerBase.[Tomcat].[localhost].[/] - Initializing Spring embedded WebApplicationContext
2026-08-14 14:39:27.701 INFO  [main][][userId=] o.s.b.w.s.c.ServletWebServerApplicationContext - Root WebApplicationContext: initialization completed in 2088 ms
2026-08-14 14:39:30.646 INFO  [main][][userId=] o.s.boot.web.embedded.tomcat.TomcatWebServer - Tomcat started on port 8081 (http) with context path '/'
2026-08-14 14:39:30.674 INFO  [main][][userId=] com.recruit.smartrecruit.SmartRecruitApplication - Started SmartRecruitApplication in 5.64 seconds (process running for 5.959)
2026-08-14 14:39:35.317 INFO  [http-nio-8081-exec-2][][userId=] o.a.c.core.ContainerBase.[Tomcat].[localhost].[/] - Initializing Spring DispatcherServlet 'dispatcherServlet'
2026-08-14 14:39:35.318 INFO  [http-nio-8081-exec-2][][userId=] org.springframework.web.servlet.DispatcherServlet - Initializing Servlet 'dispatcherServlet'
2026-08-14 14:39:35.318 INFO  [http-nio-8081-exec-2][][userId=] org.springframework.web.servlet.DispatcherServlet - Completed initialization in 0 ms
2026-08-14 14:39:35.322 INFO  [http-nio-8081-exec-2][c20ec3c3c9dc4b89b8c3adb2a2c75e2b][userId=] c.recruit.smartrecruit.filter.RequestTraceFilter - 请求开始 method=GET uri=/job/5
2026-08-14 14:39:35.400 INFO  [http-nio-8081-exec-2][c20ec3c3c9dc4b89b8c3adb2a2c75e2b][userId=9] c.recruit.smartrecruit.aspect.OperationLogAspect - 操作开始 operation=查询岗位详情
2026-08-14 14:39:35.860 ERROR [http-nio-8081-exec-2][c20ec3c3c9dc4b89b8c3adb2a2c75e2b][userId=9] c.recruit.smartrecruit.aspect.OperationLogAspect - 操作异常 operation=查询岗位详情 cost=460ms
org.springframework.data.redis.serializer.SerializationException: Could not read JSON: Unexpected token (START_OBJECT), expected START_ARRAY: need Array value to contain `As.WRAPPER_ARRAY` type information for class java.lang.Object
 at [Source: REDACTED (`StreamReadFeature.INCLUDE_SOURCE_IN_LOCATION` disabled); line: 1, column: 1]
	at org.springframework.data.redis.serializer.Jackson2JsonRedisSerializer.deserialize(Jackson2JsonRedisSerializer.java:172)
	at org.springframework.data.redis.core.AbstractOperations.deserializeValue(AbstractOperations.java:380)
	at org.springframework.data.redis.core.AbstractOperations$ValueDeserializingRedisCallback.doInRedis(AbstractOperations.java:63)
	at org.springframework.data.redis.core.RedisTemplate.execute(RedisTemplate.java:414)
	at org.springframework.data.redis.core.RedisTemplate.execute(RedisTemplate.java:381)
	at org.springframework.data.redis.core.AbstractOperations.execute(AbstractOperations.java:117)
	at org.springframework.data.redis.core.DefaultValueOperations.get(DefaultValueOperations.java:50)
	at com.recruit.smartrecruit.service.impl.JobServiceImpl.findById(JobServiceImpl.java:47)
	at com.recruit.smartrecruit.controller.JobController.infoJob(JobController.java:49)
	at java.base/jdk.internal.reflect.NativeMethodAccessorImpl.invoke0(Native Method)
	at java.base/jdk.internal.reflect.NativeMethodAccessorImpl.invoke(NativeMethodAccessorImpl.java:77)
	at java.base/jdk.internal.reflect.DelegatingMethodAccessorImpl.invoke(DelegatingMethodAccessorImpl.java:43)
	at java.base/java.lang.reflect.Method.invoke(Method.java:568)
	at org.springframework.aop.support.AopUtils.invokeJoinpointUsingReflection(AopUtils.java:360)
	at org.springframework.aop.framework.ReflectiveMethodInvocation.invokeJoinpoint(ReflectiveMethodInvocation.java:196)
	at org.springframework.aop.framework.ReflectiveMethodInvocation.proceed(ReflectiveMethodInvocation.java:163)
	at org.springframework.aop.aspectj.MethodInvocationProceedingJoinPoint.proceed(MethodInvocationProceedingJoinPoint.java:89)
	at com.recruit.smartrecruit.aspect.OperationLogAspect.operationLog(OperationLogAspect.java:40)
	at java.base/jdk.internal.reflect.NativeMethodAccessorImpl.invoke0(Native Method)
	at java.base/jdk.internal.reflect.NativeMethodAccessorImpl.invoke(NativeMethodAccessorImpl.java:77)
	at java.base/jdk.internal.reflect.DelegatingMethodAccessorImpl.invoke(DelegatingMethodAccessorImpl.java:43)
	at java.base/java.lang.reflect.Method.invoke(Method.java:568)
	at org.springframework.aop.aspectj.AbstractAspectJAdvice.invokeAdviceMethodWithGivenArgs(AbstractAspectJAdvice.java:649)
	at org.springframework.aop.aspectj.AbstractAspectJAdvice.invokeAdviceMethod(AbstractAspectJAdvice.java:631)
	at org.springframework.aop.aspectj.AspectJAroundAdvice.invoke(AspectJAroundAdvice.java:71)
	at org.springframework.aop.framework.ReflectiveMethodInvocation.proceed(ReflectiveMethodInvocation.java:173)
	at org.springframework.aop.interceptor.ExposeInvocationInterceptor.invoke(ExposeInvocationInterceptor.java:97)
	at org.springframework.aop.framework.ReflectiveMethodInvocation.proceed(ReflectiveMethodInvocation.java:184)
	at org.springframework.aop.framework.CglibAopProxy$DynamicAdvisedInterceptor.intercept(CglibAopProxy.java:728)
	at com.recruit.smartrecruit.controller.JobController$$SpringCGLIB$$0.infoJob(<generated>)
	at java.base/jdk.internal.reflect.NativeMethodAccessorImpl.invoke0(Native Method)
	at java.base/jdk.internal.reflect.NativeMethodAccessorImpl.invoke(NativeMethodAccessorImpl.java:77)
	at java.base/jdk.internal.reflect.DelegatingMethodAccessorImpl.invoke(DelegatingMethodAccessorImpl.java:43)
	at java.base/java.lang.reflect.Method.invoke(Method.java:568)
	at org.springframework.web.method.support.InvocableHandlerMethod.doInvoke(InvocableHandlerMethod.java:258)
	at org.springframework.web.method.support.InvocableHandlerMethod.invokeForRequest(InvocableHandlerMethod.java:191)
	at org.springframework.web.servlet.mvc.method.annotation.ServletInvocableHandlerMethod.invokeAndHandle(ServletInvocableHandlerMethod.java:118)
	at org.springframework.web.servlet.mvc.method.annotation.RequestMappingHandlerAdapter.invokeHandlerMethod(RequestMappingHandlerAdapter.java:991)
	at org.springframework.web.servlet.mvc.method.annotation.RequestMappingHandlerAdapter.handleInternal(RequestMappingHandlerAdapter.java:896)
	at org.springframework.web.servlet.mvc.method.AbstractHandlerMethodAdapter.handle(AbstractHandlerMethodAdapter.java:87)
	at org.springframework.web.servlet.DispatcherServlet.doDispatch(DispatcherServlet.java:1089)
	at org.springframework.web.servlet.DispatcherServlet.doService(DispatcherServlet.java:979)
	at org.springframework.web.servlet.FrameworkServlet.processRequest(FrameworkServlet.java:1014)
	at org.springframework.web.servlet.FrameworkServlet.doGet(FrameworkServlet.java:903)
	at jakarta.servlet.http.HttpServlet.service(HttpServlet.java:564)
	at org.springframework.web.servlet.FrameworkServlet.service(FrameworkServlet.java:885)
	at jakarta.servlet.http.HttpServlet.service(HttpServlet.java:658)
	at org.apache.catalina.core.ApplicationFilterChain.internalDoFilter(ApplicationFilterChain.java:193)
	at org.apache.catalina.core.ApplicationFilterChain.doFilter(ApplicationFilterChain.java:138)
	at org.apache.tomcat.websocket.server.WsFilter.doFilter(WsFilter.java:51)
	at org.apache.catalina.core.ApplicationFilterChain.internalDoFilter(ApplicationFilterChain.java:162)
	at org.apache.catalina.core.ApplicationFilterChain.doFilter(ApplicationFilterChain.java:138)
	at com.recruit.smartrecruit.filter.RequestTraceFilter.doFilterInternal(RequestTraceFilter.java:48)
	at org.springframework.web.filter.OncePerRequestFilter.doFilter(OncePerRequestFilter.java:116)
	at org.apache.catalina.core.ApplicationFilterChain.internalDoFilter(ApplicationFilterChain.java:162)
	at org.apache.catalina.core.ApplicationFilterChain.doFilter(ApplicationFilterChain.java:138)
	at org.springframework.web.filter.RequestContextFilter.doFilterInternal(RequestContextFilter.java:100)
	at org.springframework.web.filter.OncePerRequestFilter.doFilter(OncePerRequestFilter.java:116)
	at org.apache.catalina.core.ApplicationFilterChain.internalDoFilter(ApplicationFilterChain.java:162)
	at org.apache.catalina.core.ApplicationFilterChain.doFilter(ApplicationFilterChain.java:138)
	at org.springframework.web.filter.FormContentFilter.doFilterInternal(FormContentFilter.java:93)
	at org.springframework.web.filter.OncePerRequestFilter.doFilter(OncePerRequestFilter.java:116)
	at org.apache.catalina.core.ApplicationFilterChain.internalDoFilter(ApplicationFilterChain.java:162)
	at org.apache.catalina.core.ApplicationFilterChain.doFilter(ApplicationFilterChain.java:138)
	at org.springframework.web.filter.CharacterEncodingFilter.doFilterInternal(CharacterEncodingFilter.java:201)
	at org.springframework.web.filter.OncePerRequestFilter.doFilter(OncePerRequestFilter.java:116)
	at org.apache.catalina.core.ApplicationFilterChain.internalDoFilter(ApplicationFilterChain.java:162)
	at org.apache.catalina.core.ApplicationFilterChain.doFilter(ApplicationFilterChain.java:138)
	at org.apache.catalina.core.StandardWrapperValve.invoke(StandardWrapperValve.java:165)
	at org.apache.catalina.core.StandardContextValve.invoke(StandardContextValve.java:88)
	at org.apache.catalina.authenticator.AuthenticatorBase.invoke(AuthenticatorBase.java:492)
	at org.apache.catalina.core.StandardHostValve.invoke(StandardHostValve.java:113)
	at org.apache.catalina.valves.ErrorReportValve.invoke(ErrorReportValve.java:83)
	at org.apache.catalina.core.StandardEngineValve.invoke(StandardEngineValve.java:72)
	at org.apache.catalina.connector.CoyoteAdapter.service(CoyoteAdapter.java:342)
	at org.apache.coyote.http11.Http11Processor.service(Http11Processor.java:399)
	at org.apache.coyote.AbstractProcessorLight.process(AbstractProcessorLight.java:63)
	at org.apache.coyote.AbstractProtocol$ConnectionHandler.process(AbstractProtocol.java:1272)
	at org.apache.tomcat.util.net.NioEndpoint$SocketProcessor.doRun(NioEndpoint.java:1797)
	at org.apache.tomcat.util.net.SocketProcessorBase.run(SocketProcessorBase.java:52)
	at org.apache.tomcat.util.threads.ThreadPoolExecutor.runWorker(ThreadPoolExecutor.java:973)
	at org.apache.tomcat.util.threads.ThreadPoolExecutor$Worker.run(ThreadPoolExecutor.java:491)
	at org.apache.tomcat.util.threads.TaskThread$WrappingRunnable.run(TaskThread.java:63)
	at java.base/java.lang.Thread.run(Thread.java:842)
Caused by: com.fasterxml.jackson.databind.exc.MismatchedInputException: Unexpected token (START_OBJECT), expected START_ARRAY: need Array value to contain `As.WRAPPER_ARRAY` type information for class java.lang.Object
 at [Source: REDACTED (`StreamReadFeature.INCLUDE_SOURCE_IN_LOCATION` disabled); line: 1, column: 1]
	at com.fasterxml.jackson.databind.exc.MismatchedInputException.from(MismatchedInputException.java:72)
	at com.fasterxml.jackson.databind.DeserializationContext.wrongTokenException(DeserializationContext.java:1961)
	at com.fasterxml.jackson.databind.DeserializationContext.reportWrongTokenException(DeserializationContext.java:1746)
	at com.fasterxml.jackson.databind.jsontype.impl.AsArrayTypeDeserializer._locateTypeId(AsArrayTypeDeserializer.java:149)
	at com.fasterxml.jackson.databind.jsontype.impl.AsArrayTypeDeserializer._deserialize(AsArrayTypeDeserializer.java:98)
	at com.fasterxml.jackson.databind.jsontype.impl.AsArrayTypeDeserializer.deserializeTypedFromAny(AsArrayTypeDeserializer.java:73)
	at com.fasterxml.jackson.databind.deser.std.UntypedObjectDeserializerNR.deserializeWithType(UntypedObjectDeserializerNR.java:111)
	at com.fasterxml.jackson.databind.deser.impl.TypeWrappedDeserializer.deserialize(TypeWrappedDeserializer.java:74)
	at com.fasterxml.jackson.databind.deser.DefaultDeserializationContext.readRootValue(DefaultDeserializationContext.java:342)
	at com.fasterxml.jackson.databind.ObjectMapper._readMapAndClose(ObjectMapper.java:5052)
	at com.fasterxml.jackson.databind.ObjectMapper.readValue(ObjectMapper.java:4056)
	at org.springframework.data.redis.serializer.JacksonObjectReader.lambda$create$0(JacksonObjectReader.java:54)
	at org.springframework.data.redis.serializer.Jackson2JsonRedisSerializer.deserialize(Jackson2JsonRedisSerializer.java:170)
	... 83 common frames omitted
2026-08-14 14:39:35.866 ERROR [http-nio-8081-exec-2][c20ec3c3c9dc4b89b8c3adb2a2c75e2b][userId=9] c.r.smartrecruit.exception.GlobalExceptionHandler - 系统发生未知异常
org.springframework.data.redis.serializer.SerializationException: Could not read JSON: Unexpected token (START_OBJECT), expected START_ARRAY: need Array value to contain `As.WRAPPER_ARRAY` type information for class java.lang.Object
 at [Source: REDACTED (`StreamReadFeature.INCLUDE_SOURCE_IN_LOCATION` disabled); line: 1, column: 1]
	at org.springframework.data.redis.serializer.Jackson2JsonRedisSerializer.deserialize(Jackson2JsonRedisSerializer.java:172)
	at org.springframework.data.redis.core.AbstractOperations.deserializeValue(AbstractOperations.java:380)
	at org.springframework.data.redis.core.AbstractOperations$ValueDeserializingRedisCallback.doInRedis(AbstractOperations.java:63)
	at org.springframework.data.redis.core.RedisTemplate.execute(RedisTemplate.java:414)
	at org.springframework.data.redis.core.RedisTemplate.execute(RedisTemplate.java:381)
	at org.springframework.data.redis.core.AbstractOperations.execute(AbstractOperations.java:117)
	at org.springframework.data.redis.core.DefaultValueOperations.get(DefaultValueOperations.java:50)
	at com.recruit.smartrecruit.service.impl.JobServiceImpl.findById(JobServiceImpl.java:47)
	at com.recruit.smartrecruit.controller.JobController.infoJob(JobController.java:49)
	at java.base/jdk.internal.reflect.NativeMethodAccessorImpl.invoke0(Native Method)
	at java.base/jdk.internal.reflect.NativeMethodAccessorImpl.invoke(NativeMethodAccessorImpl.java:77)
	at java.base/jdk.internal.reflect.DelegatingMethodAccessorImpl.invoke(DelegatingMethodAccessorImpl.java:43)
	at java.base/java.lang.reflect.Method.invoke(Method.java:568)
	at org.springframework.aop.support.AopUtils.invokeJoinpointUsingReflection(AopUtils.java:360)
	at org.springframework.aop.framework.ReflectiveMethodInvocation.invokeJoinpoint(ReflectiveMethodInvocation.java:196)
	at org.springframework.aop.framework.ReflectiveMethodInvocation.proceed(ReflectiveMethodInvocation.java:163)
	at org.springframework.aop.aspectj.MethodInvocationProceedingJoinPoint.proceed(MethodInvocationProceedingJoinPoint.java:89)
	at com.recruit.smartrecruit.aspect.OperationLogAspect.operationLog(OperationLogAspect.java:40)
	at java.base/jdk.internal.reflect.NativeMethodAccessorImpl.invoke0(Native Method)
	at java.base/jdk.internal.reflect.NativeMethodAccessorImpl.invoke(NativeMethodAccessorImpl.java:77)
	at java.base/jdk.internal.reflect.DelegatingMethodAccessorImpl.invoke(DelegatingMethodAccessorImpl.java:43)
	at java.base/java.lang.reflect.Method.invoke(Method.java:568)
	at org.springframework.aop.aspectj.AbstractAspectJAdvice.invokeAdviceMethodWithGivenArgs(AbstractAspectJAdvice.java:649)
	at org.springframework.aop.aspectj.AbstractAspectJAdvice.invokeAdviceMethod(AbstractAspectJAdvice.java:631)
	at org.springframework.aop.aspectj.AspectJAroundAdvice.invoke(AspectJAroundAdvice.java:71)
	at org.springframework.aop.framework.ReflectiveMethodInvocation.proceed(ReflectiveMethodInvocation.java:173)
	at org.springframework.aop.interceptor.ExposeInvocationInterceptor.invoke(ExposeInvocationInterceptor.java:97)
	at org.springframework.aop.framework.ReflectiveMethodInvocation.proceed(ReflectiveMethodInvocation.java:184)
	at org.springframework.aop.framework.CglibAopProxy$DynamicAdvisedInterceptor.intercept(CglibAopProxy.java:728)
	at com.recruit.smartrecruit.controller.JobController$$SpringCGLIB$$0.infoJob(<generated>)
	at java.base/jdk.internal.reflect.NativeMethodAccessorImpl.invoke0(Native Method)
	at java.base/jdk.internal.reflect.NativeMethodAccessorImpl.invoke(NativeMethodAccessorImpl.java:77)
	at java.base/jdk.internal.reflect.DelegatingMethodAccessorImpl.invoke(DelegatingMethodAccessorImpl.java:43)
	at java.base/java.lang.reflect.Method.invoke(Method.java:568)
	at org.springframework.web.method.support.InvocableHandlerMethod.doInvoke(InvocableHandlerMethod.java:258)
	at org.springframework.web.method.support.InvocableHandlerMethod.invokeForRequest(InvocableHandlerMethod.java:191)
	at org.springframework.web.servlet.mvc.method.annotation.ServletInvocableHandlerMethod.invokeAndHandle(ServletInvocableHandlerMethod.java:118)
	at org.springframework.web.servlet.mvc.method.annotation.RequestMappingHandlerAdapter.invokeHandlerMethod(RequestMappingHandlerAdapter.java:991)
	at org.springframework.web.servlet.mvc.method.annotation.RequestMappingHandlerAdapter.handleInternal(RequestMappingHandlerAdapter.java:896)
	at org.springframework.web.servlet.mvc.method.AbstractHandlerMethodAdapter.handle(AbstractHandlerMethodAdapter.java:87)
	at org.springframework.web.servlet.DispatcherServlet.doDispatch(DispatcherServlet.java:1089)
	at org.springframework.web.servlet.DispatcherServlet.doService(DispatcherServlet.java:979)
	at org.springframework.web.servlet.FrameworkServlet.processRequest(FrameworkServlet.java:1014)
	at org.springframework.web.servlet.FrameworkServlet.doGet(FrameworkServlet.java:903)
	at jakarta.servlet.http.HttpServlet.service(HttpServlet.java:564)
	at org.springframework.web.servlet.FrameworkServlet.service(FrameworkServlet.java:885)
	at jakarta.servlet.http.HttpServlet.service(HttpServlet.java:658)
	at org.apache.catalina.core.ApplicationFilterChain.internalDoFilter(ApplicationFilterChain.java:193)
	at org.apache.catalina.core.ApplicationFilterChain.doFilter(ApplicationFilterChain.java:138)
	at org.apache.tomcat.websocket.server.WsFilter.doFilter(WsFilter.java:51)
	at org.apache.catalina.core.ApplicationFilterChain.internalDoFilter(ApplicationFilterChain.java:162)
	at org.apache.catalina.core.ApplicationFilterChain.doFilter(ApplicationFilterChain.java:138)
	at com.recruit.smartrecruit.filter.RequestTraceFilter.doFilterInternal(RequestTraceFilter.java:48)
	at org.springframework.web.filter.OncePerRequestFilter.doFilter(OncePerRequestFilter.java:116)
	at org.apache.catalina.core.ApplicationFilterChain.internalDoFilter(ApplicationFilterChain.java:162)
	at org.apache.catalina.core.ApplicationFilterChain.doFilter(ApplicationFilterChain.java:138)
	at org.springframework.web.filter.RequestContextFilter.doFilterInternal(RequestContextFilter.java:100)
	at org.springframework.web.filter.OncePerRequestFilter.doFilter(OncePerRequestFilter.java:116)
	at org.apache.catalina.core.ApplicationFilterChain.internalDoFilter(ApplicationFilterChain.java:162)
	at org.apache.catalina.core.ApplicationFilterChain.doFilter(ApplicationFilterChain.java:138)
	at org.springframework.web.filter.FormContentFilter.doFilterInternal(FormContentFilter.java:93)
	at org.springframework.web.filter.OncePerRequestFilter.doFilter(OncePerRequestFilter.java:116)
	at org.apache.catalina.core.ApplicationFilterChain.internalDoFilter(ApplicationFilterChain.java:162)
	at org.apache.catalina.core.ApplicationFilterChain.doFilter(ApplicationFilterChain.java:138)
	at org.springframework.web.filter.CharacterEncodingFilter.doFilterInternal(CharacterEncodingFilter.java:201)
	at org.springframework.web.filter.OncePerRequestFilter.doFilter(OncePerRequestFilter.java:116)
	at org.apache.catalina.core.ApplicationFilterChain.internalDoFilter(ApplicationFilterChain.java:162)
	at org.apache.catalina.core.ApplicationFilterChain.doFilter(ApplicationFilterChain.java:138)
	at org.apache.catalina.core.StandardWrapperValve.invoke(StandardWrapperValve.java:165)
	at org.apache.catalina.core.StandardContextValve.invoke(StandardContextValve.java:88)
	at org.apache.catalina.authenticator.AuthenticatorBase.invoke(AuthenticatorBase.java:492)
	at org.apache.catalina.core.StandardHostValve.invoke(StandardHostValve.java:113)
	at org.apache.catalina.valves.ErrorReportValve.invoke(ErrorReportValve.java:83)
	at org.apache.catalina.core.StandardEngineValve.invoke(StandardEngineValve.java:72)
	at org.apache.catalina.connector.CoyoteAdapter.service(CoyoteAdapter.java:342)
	at org.apache.coyote.http11.Http11Processor.service(Http11Processor.java:399)
	at org.apache.coyote.AbstractProcessorLight.process(AbstractProcessorLight.java:63)
	at org.apache.coyote.AbstractProtocol$ConnectionHandler.process(AbstractProtocol.java:1272)
	at org.apache.tomcat.util.net.NioEndpoint$SocketProcessor.doRun(NioEndpoint.java:1797)
	at org.apache.tomcat.util.net.SocketProcessorBase.run(SocketProcessorBase.java:52)
	at org.apache.tomcat.util.threads.ThreadPoolExecutor.runWorker(ThreadPoolExecutor.java:973)
	at org.apache.tomcat.util.threads.ThreadPoolExecutor$Worker.run(ThreadPoolExecutor.java:491)
	at org.apache.tomcat.util.threads.TaskThread$WrappingRunnable.run(TaskThread.java:63)
	at java.base/java.lang.Thread.run(Thread.java:842)
Caused by: com.fasterxml.jackson.databind.exc.MismatchedInputException: Unexpected token (START_OBJECT), expected START_ARRAY: need Array value to contain `As.WRAPPER_ARRAY` type information for class java.lang.Object
 at [Source: REDACTED (`StreamReadFeature.INCLUDE_SOURCE_IN_LOCATION` disabled); line: 1, column: 1]
	at com.fasterxml.jackson.databind.exc.MismatchedInputException.from(MismatchedInputException.java:72)
	at com.fasterxml.jackson.databind.DeserializationContext.wrongTokenException(DeserializationContext.java:1961)
	at com.fasterxml.jackson.databind.DeserializationContext.reportWrongTokenException(DeserializationContext.java:1746)
	at com.fasterxml.jackson.databind.jsontype.impl.AsArrayTypeDeserializer._locateTypeId(AsArrayTypeDeserializer.java:149)
	at com.fasterxml.jackson.databind.jsontype.impl.AsArrayTypeDeserializer._deserialize(AsArrayTypeDeserializer.java:98)
	at com.fasterxml.jackson.databind.jsontype.impl.AsArrayTypeDeserializer.deserializeTypedFromAny(AsArrayTypeDeserializer.java:73)
	at com.fasterxml.jackson.databind.deser.std.UntypedObjectDeserializerNR.deserializeWithType(UntypedObjectDeserializerNR.java:111)
	at com.fasterxml.jackson.databind.deser.impl.TypeWrappedDeserializer.deserialize(TypeWrappedDeserializer.java:74)
	at com.fasterxml.jackson.databind.deser.DefaultDeserializationContext.readRootValue(DefaultDeserializationContext.java:342)
	at com.fasterxml.jackson.databind.ObjectMapper._readMapAndClose(ObjectMapper.java:5052)
	at com.fasterxml.jackson.databind.ObjectMapper.readValue(ObjectMapper.java:4056)
	at org.springframework.data.redis.serializer.JacksonObjectReader.lambda$create$0(JacksonObjectReader.java:54)
	at org.springframework.data.redis.serializer.Jackson2JsonRedisSerializer.deserialize(Jackson2JsonRedisSerializer.java:170)
	... 83 common frames omitted
2026-08-14 14:39:35.911 INFO  [http-nio-8081-exec-2][c20ec3c3c9dc4b89b8c3adb2a2c75e2b][userId=] c.recruit.smartrecruit.filter.RequestTraceFilter - 请求结束 method=GET uri=/job/5 status=200 cost=589ms
2026-08-14 14:41:34.827 INFO  [http-nio-8081-exec-4][08708ea071844235ae29352b91d63583][userId=] c.recruit.smartrecruit.filter.RequestTraceFilter - 请求开始 method=GET uri=/job/5
2026-08-14 14:41:34.828 INFO  [http-nio-8081-exec-4][08708ea071844235ae29352b91d63583][userId=9] c.recruit.smartrecruit.aspect.OperationLogAspect - 操作开始 operation=查询岗位详情
2026-08-14 14:41:34.846 INFO  [http-nio-8081-exec-4][08708ea071844235ae29352b91d63583][userId=9] com.zaxxer.hikari.HikariDataSource - HikariPool-1 - Starting...
2026-08-14 14:41:34.984 INFO  [http-nio-8081-exec-4][08708ea071844235ae29352b91d63583][userId=9] com.zaxxer.hikari.pool.HikariPool - HikariPool-1 - Added connection com.mysql.cj.jdbc.ConnectionImpl@2126a9bb
2026-08-14 14:41:34.985 INFO  [http-nio-8081-exec-4][08708ea071844235ae29352b91d63583][userId=9] com.zaxxer.hikari.HikariDataSource - HikariPool-1 - Start completed.
2026-08-14 14:41:34.992 DEBUG [http-nio-8081-exec-4][08708ea071844235ae29352b91d63583][userId=9] c.recruit.smartrecruit.mapper.JobMapper.findById - ==>  Preparing: SELECT * FROM job WHERE id=?;
2026-08-14 14:41:35.013 DEBUG [http-nio-8081-exec-4][08708ea071844235ae29352b91d63583][userId=9] c.recruit.smartrecruit.mapper.JobMapper.findById - ==> Parameters: 5(Long)
2026-08-14 14:41:35.047 DEBUG [http-nio-8081-exec-4][08708ea071844235ae29352b91d63583][userId=9] c.recruit.smartrecruit.mapper.JobMapper.findById - <==      Total: 1
2026-08-14 14:41:35.072 INFO  [http-nio-8081-exec-4][08708ea071844235ae29352b91d63583][userId=9] c.recruit.smartrecruit.aspect.OperationLogAspect - 操作成功 operation=查询岗位详情 cost=244ms
2026-08-14 14:41:35.078 INFO  [http-nio-8081-exec-4][08708ea071844235ae29352b91d63583][userId=] c.recruit.smartrecruit.filter.RequestTraceFilter - 请求结束 method=GET uri=/job/5 status=200 cost=251ms
2026-08-14 14:41:39.137 INFO  [http-nio-8081-exec-5][9bdbe736f7624708a6a6f5dc65a23355][userId=] c.recruit.smartrecruit.filter.RequestTraceFilter - 请求开始 method=GET uri=/job/5
2026-08-14 14:41:39.139 INFO  [http-nio-8081-exec-5][9bdbe736f7624708a6a6f5dc65a23355][userId=9] c.recruit.smartrecruit.aspect.OperationLogAspect - 操作开始 operation=查询岗位详情
2026-08-14 14:41:39.171 INFO  [http-nio-8081-exec-5][9bdbe736f7624708a6a6f5dc65a23355][userId=9] c.recruit.smartrecruit.aspect.OperationLogAspect - 操作成功 operation=查询岗位详情 cost=32ms
2026-08-14 14:41:39.172 INFO  [http-nio-8081-exec-5][9bdbe736f7624708a6a6f5dc65a23355][userId=] c.recruit.smartrecruit.filter.RequestTraceFilter - 请求结束 method=GET uri=/job/5 status=200 cost=35ms
2026-08-14 21:59:40.435 WARN  [HikariPool-1:housekeeper][][userId=] com.zaxxer.hikari.pool.HikariPool - HikariPool-1 - Thread starvation or clock leap detected (housekeeper delta=7h6m35s139ms670µs700ns).
2026-08-14 22:08:51.756 INFO  [SpringApplicationShutdownHook][][userId=] o.s.boot.web.embedded.tomcat.GracefulShutdown - Commencing graceful shutdown. Waiting for active requests to complete
2026-08-14 22:08:52.170 INFO  [tomcat-shutdown][][userId=] o.s.boot.web.embedded.tomcat.GracefulShutdown - Graceful shutdown complete
2026-08-14 22:08:52.208 INFO  [SpringApplicationShutdownHook][][userId=] com.zaxxer.hikari.HikariDataSource - HikariPool-1 - Shutdown initiated...
2026-08-14 22:08:52.216 INFO  [SpringApplicationShutdownHook][][userId=] com.zaxxer.hikari.HikariDataSource - HikariPool-1 - Shutdown completed.
2026-08-14 22:08:56.967 INFO  [main][][userId=] com.recruit.smartrecruit.SmartRecruitApplication - Starting SmartRecruitApplication using Java 17.0.12 with PID 30400 (D:\project\smart-recruit\target\classes started by 李 in D:\project\smart-recruit)
2026-08-14 22:08:56.971 INFO  [main][][userId=] com.recruit.smartrecruit.SmartRecruitApplication - No active profile set, falling back to 1 default profile: "default"
2026-08-14 22:08:57.933 INFO  [main][][userId=] o.s.d.r.config.RepositoryConfigurationDelegate - Multiple Spring Data modules found, entering strict repository configuration mode
2026-08-14 22:08:57.938 INFO  [main][][userId=] o.s.d.r.config.RepositoryConfigurationDelegate - Bootstrapping Spring Data Redis repositories in DEFAULT mode.
2026-08-14 22:08:57.981 INFO  [main][][userId=] o.s.d.r.config.RepositoryConfigurationDelegate - Finished Spring Data repository scanning in 15 ms. Found 0 Redis repository interfaces.
2026-08-14 22:08:58.798 INFO  [main][][userId=] o.s.boot.web.embedded.tomcat.TomcatWebServer - Tomcat initialized with port 8081 (http)
2026-08-14 22:08:58.812 INFO  [main][][userId=] org.apache.catalina.core.StandardService - Starting service [Tomcat]
2026-08-14 22:08:58.812 INFO  [main][][userId=] org.apache.catalina.core.StandardEngine - Starting Servlet engine: [Apache Tomcat/10.1.55]
2026-08-14 22:08:58.894 INFO  [main][][userId=] o.a.c.core.ContainerBase.[Tomcat].[localhost].[/] - Initializing Spring embedded WebApplicationContext
2026-08-14 22:08:58.896 INFO  [main][][userId=] o.s.b.w.s.c.ServletWebServerApplicationContext - Root WebApplicationContext: initialization completed in 1868 ms
2026-08-14 22:09:00.983 INFO  [main][][userId=] o.s.boot.web.embedded.tomcat.TomcatWebServer - Tomcat started on port 8081 (http) with context path '/'
2026-08-14 22:09:01.004 INFO  [main][][userId=] com.recruit.smartrecruit.SmartRecruitApplication - Started SmartRecruitApplication in 4.559 seconds (process running for 4.914)
2026-08-14 22:09:13.189 INFO  [http-nio-8081-exec-1][][userId=] o.a.c.core.ContainerBase.[Tomcat].[localhost].[/] - Initializing Spring DispatcherServlet 'dispatcherServlet'
2026-08-14 22:09:13.191 INFO  [http-nio-8081-exec-1][][userId=] org.springframework.web.servlet.DispatcherServlet - Initializing Servlet 'dispatcherServlet'
2026-08-14 22:09:13.192 INFO  [http-nio-8081-exec-1][][userId=] org.springframework.web.servlet.DispatcherServlet - Completed initialization in 1 ms
2026-08-14 22:09:13.205 INFO  [http-nio-8081-exec-1][e9de9886544443b5942176ef909e8d9a][userId=] c.recruit.smartrecruit.filter.RequestTraceFilter - 请求开始 method=GET uri=/job/5
2026-08-14 22:09:13.353 INFO  [http-nio-8081-exec-1][e9de9886544443b5942176ef909e8d9a][userId=] c.recruit.smartrecruit.filter.RequestTraceFilter - 请求结束 method=GET uri=/job/5 status=401 cost=149ms
2026-08-14 22:09:18.469 INFO  [http-nio-8081-exec-3][c4768ff92943412dbd483ab0ab9cc66a][userId=] c.recruit.smartrecruit.filter.RequestTraceFilter - 请求开始 method=POST uri=/user/login
2026-08-14 22:09:18.768 INFO  [http-nio-8081-exec-3][c4768ff92943412dbd483ab0ab9cc66a][userId=] com.zaxxer.hikari.HikariDataSource - HikariPool-1 - Starting...
2026-08-14 22:09:19.109 INFO  [http-nio-8081-exec-3][c4768ff92943412dbd483ab0ab9cc66a][userId=] com.zaxxer.hikari.pool.HikariPool - HikariPool-1 - Added connection com.mysql.cj.jdbc.ConnectionImpl@2e0ee9c0
2026-08-14 22:09:19.113 INFO  [http-nio-8081-exec-3][c4768ff92943412dbd483ab0ab9cc66a][userId=] com.zaxxer.hikari.HikariDataSource - HikariPool-1 - Start completed.
2026-08-14 22:09:19.130 DEBUG [http-nio-8081-exec-3][c4768ff92943412dbd483ab0ab9cc66a][userId=] c.r.smartrecruit.mapper.UserMapper.findByUsername - ==>  Preparing: SELECT * FROM sys_user WHERE username = ?
2026-08-14 22:09:19.237 DEBUG [http-nio-8081-exec-3][c4768ff92943412dbd483ab0ab9cc66a][userId=] c.r.smartrecruit.mapper.UserMapper.findByUsername - ==> Parameters: company2(String)
2026-08-14 22:09:19.341 DEBUG [http-nio-8081-exec-3][c4768ff92943412dbd483ab0ab9cc66a][userId=] c.r.smartrecruit.mapper.UserMapper.findByUsername - <==      Total: 1
2026-08-14 22:09:19.457 INFO  [http-nio-8081-exec-3][c4768ff92943412dbd483ab0ab9cc66a][userId=] c.recruit.smartrecruit.filter.RequestTraceFilter - 请求结束 method=POST uri=/user/login status=200 cost=988ms
2026-08-14 22:09:27.099 INFO  [http-nio-8081-exec-4][3556c996f3924157bb5476dd01785c47][userId=] c.recruit.smartrecruit.filter.RequestTraceFilter - 请求开始 method=GET uri=/job/5
2026-08-14 22:09:27.125 INFO  [http-nio-8081-exec-4][3556c996f3924157bb5476dd01785c47][userId=9] c.recruit.smartrecruit.aspect.OperationLogAspect - 操作开始 operation=查询岗位详情
2026-08-14 22:09:28.108 DEBUG [http-nio-8081-exec-4][3556c996f3924157bb5476dd01785c47][userId=9] c.recruit.smartrecruit.mapper.JobMapper.findById - ==>  Preparing: SELECT * FROM job WHERE id=?;
2026-08-14 22:09:28.110 DEBUG [http-nio-8081-exec-4][3556c996f3924157bb5476dd01785c47][userId=9] c.recruit.smartrecruit.mapper.JobMapper.findById - ==> Parameters: 5(Long)
2026-08-14 22:09:28.116 DEBUG [http-nio-8081-exec-4][3556c996f3924157bb5476dd01785c47][userId=9] c.recruit.smartrecruit.mapper.JobMapper.findById - <==      Total: 1
2026-08-14 22:09:28.149 INFO  [http-nio-8081-exec-4][3556c996f3924157bb5476dd01785c47][userId=9] c.recruit.smartrecruit.aspect.OperationLogAspect - 操作成功 operation=查询岗位详情 cost=1025ms
2026-08-14 22:09:28.157 INFO  [http-nio-8081-exec-4][3556c996f3924157bb5476dd01785c47][userId=] c.recruit.smartrecruit.filter.RequestTraceFilter - 请求结束 method=GET uri=/job/5 status=200 cost=1058ms
2026-08-14 22:09:38.081 INFO  [http-nio-8081-exec-5][b95eaf1f431c436e8efe3f4231df1c3b][userId=] c.recruit.smartrecruit.filter.RequestTraceFilter - 请求开始 method=GET uri=/job/5
2026-08-14 22:09:38.086 INFO  [http-nio-8081-exec-5][b95eaf1f431c436e8efe3f4231df1c3b][userId=9] c.recruit.smartrecruit.aspect.OperationLogAspect - 操作开始 operation=查询岗位详情
2026-08-14 22:09:38.099 INFO  [http-nio-8081-exec-5][b95eaf1f431c436e8efe3f4231df1c3b][userId=9] c.recruit.smartrecruit.aspect.OperationLogAspect - 操作成功 operation=查询岗位详情 cost=13ms
2026-08-14 22:09:38.099 INFO  [http-nio-8081-exec-5][b95eaf1f431c436e8efe3f4231df1c3b][userId=] c.recruit.smartrecruit.filter.RequestTraceFilter - 请求结束 method=GET uri=/job/5 status=200 cost=18ms
2026-08-14 22:09:51.132 INFO  [http-nio-8081-exec-6][98a1a9e45b4b4b1ab754ecbba6f02adb][userId=] c.recruit.smartrecruit.filter.RequestTraceFilter - 请求开始 method=PUT uri=/job
2026-08-14 22:09:51.145 INFO  [http-nio-8081-exec-6][98a1a9e45b4b4b1ab754ecbba6f02adb][userId=9] c.recruit.smartrecruit.aspect.OperationLogAspect - 操作开始 operation=修改岗位信息
2026-08-14 22:09:51.148 DEBUG [http-nio-8081-exec-6][98a1a9e45b4b4b1ab754ecbba6f02adb][userId=9] c.recruit.smartrecruit.mapper.UserMapper.findById - ==>  Preparing: SELECT id, username, password, nickname, email, phone, role, create_time FROM sys_user WHERE id = ?
2026-08-14 22:09:51.149 DEBUG [http-nio-8081-exec-6][98a1a9e45b4b4b1ab754ecbba6f02adb][userId=9] c.recruit.smartrecruit.mapper.UserMapper.findById - ==> Parameters: 9(Long)
2026-08-14 22:09:51.154 DEBUG [http-nio-8081-exec-6][98a1a9e45b4b4b1ab754ecbba6f02adb][userId=9] c.recruit.smartrecruit.mapper.UserMapper.findById - <==      Total: 1
2026-08-14 22:09:51.156 DEBUG [http-nio-8081-exec-6][98a1a9e45b4b4b1ab754ecbba6f02adb][userId=9] c.r.smartrecruit.mapper.CompanyMapper.findByUserId - ==>  Preparing: SELECT * FROM COMPANY WHERE user_id=?
2026-08-14 22:09:51.157 DEBUG [http-nio-8081-exec-6][98a1a9e45b4b4b1ab754ecbba6f02adb][userId=9] c.r.smartrecruit.mapper.CompanyMapper.findByUserId - ==> Parameters: 9(Long)
2026-08-14 22:09:51.161 DEBUG [http-nio-8081-exec-6][98a1a9e45b4b4b1ab754ecbba6f02adb][userId=9] c.r.smartrecruit.mapper.CompanyMapper.findByUserId - <==      Total: 1
2026-08-14 22:09:51.165 DEBUG [http-nio-8081-exec-6][98a1a9e45b4b4b1ab754ecbba6f02adb][userId=9] c.recruit.smartrecruit.mapper.JobMapper.findById - ==>  Preparing: SELECT * FROM job WHERE id=?;
2026-08-14 22:09:51.165 DEBUG [http-nio-8081-exec-6][98a1a9e45b4b4b1ab754ecbba6f02adb][userId=9] c.recruit.smartrecruit.mapper.JobMapper.findById - ==> Parameters: 6(Long)
2026-08-14 22:09:51.165 DEBUG [http-nio-8081-exec-6][98a1a9e45b4b4b1ab754ecbba6f02adb][userId=9] c.recruit.smartrecruit.mapper.JobMapper.findById - <==      Total: 0
2026-08-14 22:09:51.168 ERROR [http-nio-8081-exec-6][98a1a9e45b4b4b1ab754ecbba6f02adb][userId=9] c.recruit.smartrecruit.aspect.OperationLogAspect - 操作异常 operation=修改岗位信息 cost=23ms
com.recruit.smartrecruit.exception.BusinessException: 岗位不存在
	at com.recruit.smartrecruit.service.impl.JobServiceImpl.update(JobServiceImpl.java:72)
	at com.recruit.smartrecruit.controller.JobController.updateJob(JobController.java:58)
	at java.base/jdk.internal.reflect.NativeMethodAccessorImpl.invoke0(Native Method)
	at java.base/jdk.internal.reflect.NativeMethodAccessorImpl.invoke(NativeMethodAccessorImpl.java:77)
	at java.base/jdk.internal.reflect.DelegatingMethodAccessorImpl.invoke(DelegatingMethodAccessorImpl.java:43)
	at java.base/java.lang.reflect.Method.invoke(Method.java:568)
	at org.springframework.aop.support.AopUtils.invokeJoinpointUsingReflection(AopUtils.java:360)
	at org.springframework.aop.framework.ReflectiveMethodInvocation.invokeJoinpoint(ReflectiveMethodInvocation.java:196)
	at org.springframework.aop.framework.ReflectiveMethodInvocation.proceed(ReflectiveMethodInvocation.java:163)
	at org.springframework.aop.aspectj.MethodInvocationProceedingJoinPoint.proceed(MethodInvocationProceedingJoinPoint.java:89)
	at com.recruit.smartrecruit.aspect.OperationLogAspect.operationLog(OperationLogAspect.java:40)
	at java.base/jdk.internal.reflect.NativeMethodAccessorImpl.invoke0(Native Method)
	at java.base/jdk.internal.reflect.NativeMethodAccessorImpl.invoke(NativeMethodAccessorImpl.java:77)
	at java.base/jdk.internal.reflect.DelegatingMethodAccessorImpl.invoke(DelegatingMethodAccessorImpl.java:43)
	at java.base/java.lang.reflect.Method.invoke(Method.java:568)
	at org.springframework.aop.aspectj.AbstractAspectJAdvice.invokeAdviceMethodWithGivenArgs(AbstractAspectJAdvice.java:649)
	at org.springframework.aop.aspectj.AbstractAspectJAdvice.invokeAdviceMethod(AbstractAspectJAdvice.java:631)
	at org.springframework.aop.aspectj.AspectJAroundAdvice.invoke(AspectJAroundAdvice.java:71)
	at org.springframework.aop.framework.ReflectiveMethodInvocation.proceed(ReflectiveMethodInvocation.java:173)
	at org.springframework.aop.interceptor.ExposeInvocationInterceptor.invoke(ExposeInvocationInterceptor.java:97)
	at org.springframework.aop.framework.ReflectiveMethodInvocation.proceed(ReflectiveMethodInvocation.java:184)
	at org.springframework.aop.framework.CglibAopProxy$DynamicAdvisedInterceptor.intercept(CglibAopProxy.java:728)
	at com.recruit.smartrecruit.controller.JobController$$SpringCGLIB$$0.updateJob(<generated>)
	at java.base/jdk.internal.reflect.NativeMethodAccessorImpl.invoke0(Native Method)
	at java.base/jdk.internal.reflect.NativeMethodAccessorImpl.invoke(NativeMethodAccessorImpl.java:77)
	at java.base/jdk.internal.reflect.DelegatingMethodAccessorImpl.invoke(DelegatingMethodAccessorImpl.java:43)
	at java.base/java.lang.reflect.Method.invoke(Method.java:568)
	at org.springframework.web.method.support.InvocableHandlerMethod.doInvoke(InvocableHandlerMethod.java:258)
	at org.springframework.web.method.support.InvocableHandlerMethod.invokeForRequest(InvocableHandlerMethod.java:191)
	at org.springframework.web.servlet.mvc.method.annotation.ServletInvocableHandlerMethod.invokeAndHandle(ServletInvocableHandlerMethod.java:118)
	at org.springframework.web.servlet.mvc.method.annotation.RequestMappingHandlerAdapter.invokeHandlerMethod(RequestMappingHandlerAdapter.java:991)
	at org.springframework.web.servlet.mvc.method.annotation.RequestMappingHandlerAdapter.handleInternal(RequestMappingHandlerAdapter.java:896)
	at org.springframework.web.servlet.mvc.method.AbstractHandlerMethodAdapter.handle(AbstractHandlerMethodAdapter.java:87)
	at org.springframework.web.servlet.DispatcherServlet.doDispatch(DispatcherServlet.java:1089)
	at org.springframework.web.servlet.DispatcherServlet.doService(DispatcherServlet.java:979)
	at org.springframework.web.servlet.FrameworkServlet.processRequest(FrameworkServlet.java:1014)
	at org.springframework.web.servlet.FrameworkServlet.doPut(FrameworkServlet.java:925)
	at jakarta.servlet.http.HttpServlet.service(HttpServlet.java:593)
	at org.springframework.web.servlet.FrameworkServlet.service(FrameworkServlet.java:885)
	at jakarta.servlet.http.HttpServlet.service(HttpServlet.java:658)
	at org.apache.catalina.core.ApplicationFilterChain.internalDoFilter(ApplicationFilterChain.java:193)
	at org.apache.catalina.core.ApplicationFilterChain.doFilter(ApplicationFilterChain.java:138)
	at org.apache.tomcat.websocket.server.WsFilter.doFilter(WsFilter.java:51)
	at org.apache.catalina.core.ApplicationFilterChain.internalDoFilter(ApplicationFilterChain.java:162)
	at org.apache.catalina.core.ApplicationFilterChain.doFilter(ApplicationFilterChain.java:138)
	at com.recruit.smartrecruit.filter.RequestTraceFilter.doFilterInternal(RequestTraceFilter.java:48)
	at org.springframework.web.filter.OncePerRequestFilter.doFilter(OncePerRequestFilter.java:116)
	at org.apache.catalina.core.ApplicationFilterChain.internalDoFilter(ApplicationFilterChain.java:162)
	at org.apache.catalina.core.ApplicationFilterChain.doFilter(ApplicationFilterChain.java:138)
	at org.springframework.web.filter.RequestContextFilter.doFilterInternal(RequestContextFilter.java:100)
	at org.springframework.web.filter.OncePerRequestFilter.doFilter(OncePerRequestFilter.java:116)
	at org.apache.catalina.core.ApplicationFilterChain.internalDoFilter(ApplicationFilterChain.java:162)
	at org.apache.catalina.core.ApplicationFilterChain.doFilter(ApplicationFilterChain.java:138)
	at org.springframework.web.filter.FormContentFilter.doFilterInternal(FormContentFilter.java:93)
	at org.springframework.web.filter.OncePerRequestFilter.doFilter(OncePerRequestFilter.java:116)
	at org.apache.catalina.core.ApplicationFilterChain.internalDoFilter(ApplicationFilterChain.java:162)
	at org.apache.catalina.core.ApplicationFilterChain.doFilter(ApplicationFilterChain.java:138)
	at org.springframework.web.filter.CharacterEncodingFilter.doFilterInternal(CharacterEncodingFilter.java:201)
	at org.springframework.web.filter.OncePerRequestFilter.doFilter(OncePerRequestFilter.java:116)
	at org.apache.catalina.core.ApplicationFilterChain.internalDoFilter(ApplicationFilterChain.java:162)
	at org.apache.catalina.core.ApplicationFilterChain.doFilter(ApplicationFilterChain.java:138)
	at org.apache.catalina.core.StandardWrapperValve.invoke(StandardWrapperValve.java:165)
	at org.apache.catalina.core.StandardContextValve.invoke(StandardContextValve.java:88)
	at org.apache.catalina.authenticator.AuthenticatorBase.invoke(AuthenticatorBase.java:492)
	at org.apache.catalina.core.StandardHostValve.invoke(StandardHostValve.java:113)
	at org.apache.catalina.valves.ErrorReportValve.invoke(ErrorReportValve.java:83)
	at org.apache.catalina.core.StandardEngineValve.invoke(StandardEngineValve.java:72)
	at org.apache.catalina.connector.CoyoteAdapter.service(CoyoteAdapter.java:342)
	at org.apache.coyote.http11.Http11Processor.service(Http11Processor.java:399)
	at org.apache.coyote.AbstractProcessorLight.process(AbstractProcessorLight.java:63)
	at org.apache.coyote.AbstractProtocol$ConnectionHandler.process(AbstractProtocol.java:1272)
	at org.apache.tomcat.util.net.NioEndpoint$SocketProcessor.doRun(NioEndpoint.java:1797)
	at org.apache.tomcat.util.net.SocketProcessorBase.run(SocketProcessorBase.java:52)
	at org.apache.tomcat.util.threads.ThreadPoolExecutor.runWorker(ThreadPoolExecutor.java:973)
	at org.apache.tomcat.util.threads.ThreadPoolExecutor$Worker.run(ThreadPoolExecutor.java:491)
	at org.apache.tomcat.util.threads.TaskThread$WrappingRunnable.run(TaskThread.java:63)
	at java.base/java.lang.Thread.run(Thread.java:842)
2026-08-14 22:09:51.180 WARN  [http-nio-8081-exec-6][98a1a9e45b4b4b1ab754ecbba6f02adb][userId=9] c.r.smartrecruit.exception.GlobalExceptionHandler - 业务异常：岗位不存在
2026-08-14 22:09:51.183 INFO  [http-nio-8081-exec-6][98a1a9e45b4b4b1ab754ecbba6f02adb][userId=] c.recruit.smartrecruit.filter.RequestTraceFilter - 请求结束 method=PUT uri=/job status=200 cost=51ms
2026-08-14 22:10:04.461 INFO  [http-nio-8081-exec-7][a9690c0f497c4745afae20dc9d4edfeb][userId=] c.recruit.smartrecruit.filter.RequestTraceFilter - 请求开始 method=PUT uri=/job/5
2026-08-14 22:10:04.471 ERROR [http-nio-8081-exec-7][a9690c0f497c4745afae20dc9d4edfeb][userId=] c.r.smartrecruit.exception.GlobalExceptionHandler - 系统发生未知异常
org.springframework.web.HttpRequestMethodNotSupportedException: Request method 'PUT' is not supported
	at org.springframework.web.servlet.mvc.method.RequestMappingInfoHandlerMapping.handleNoMatch(RequestMappingInfoHandlerMapping.java:267)
	at org.springframework.web.servlet.handler.AbstractHandlerMethodMapping.lookupHandlerMethod(AbstractHandlerMethodMapping.java:441)
	at org.springframework.web.servlet.handler.AbstractHandlerMethodMapping.getHandlerInternal(AbstractHandlerMethodMapping.java:382)
	at org.springframework.web.servlet.mvc.method.RequestMappingInfoHandlerMapping.getHandlerInternal(RequestMappingInfoHandlerMapping.java:127)
	at org.springframework.web.servlet.mvc.method.RequestMappingInfoHandlerMapping.getHandlerInternal(RequestMappingInfoHandlerMapping.java:68)
	at org.springframework.web.servlet.handler.AbstractHandlerMapping.getHandler(AbstractHandlerMapping.java:509)
	at org.springframework.web.servlet.DispatcherServlet.getHandler(DispatcherServlet.java:1284)
	at org.springframework.web.servlet.DispatcherServlet.doDispatch(DispatcherServlet.java:1065)
	at org.springframework.web.servlet.DispatcherServlet.doService(DispatcherServlet.java:979)
	at org.springframework.web.servlet.FrameworkServlet.processRequest(FrameworkServlet.java:1014)
	at org.springframework.web.servlet.FrameworkServlet.doPut(FrameworkServlet.java:925)
	at jakarta.servlet.http.HttpServlet.service(HttpServlet.java:593)
	at org.springframework.web.servlet.FrameworkServlet.service(FrameworkServlet.java:885)
	at jakarta.servlet.http.HttpServlet.service(HttpServlet.java:658)
	at org.apache.catalina.core.ApplicationFilterChain.internalDoFilter(ApplicationFilterChain.java:193)
	at org.apache.catalina.core.ApplicationFilterChain.doFilter(ApplicationFilterChain.java:138)
	at org.apache.tomcat.websocket.server.WsFilter.doFilter(WsFilter.java:51)
	at org.apache.catalina.core.ApplicationFilterChain.internalDoFilter(ApplicationFilterChain.java:162)
	at org.apache.catalina.core.ApplicationFilterChain.doFilter(ApplicationFilterChain.java:138)
	at com.recruit.smartrecruit.filter.RequestTraceFilter.doFilterInternal(RequestTraceFilter.java:48)
	at org.springframework.web.filter.OncePerRequestFilter.doFilter(OncePerRequestFilter.java:116)
	at org.apache.catalina.core.ApplicationFilterChain.internalDoFilter(ApplicationFilterChain.java:162)
	at org.apache.catalina.core.ApplicationFilterChain.doFilter(ApplicationFilterChain.java:138)
	at org.springframework.web.filter.RequestContextFilter.doFilterInternal(RequestContextFilter.java:100)
	at org.springframework.web.filter.OncePerRequestFilter.doFilter(OncePerRequestFilter.java:116)
	at org.apache.catalina.core.ApplicationFilterChain.internalDoFilter(ApplicationFilterChain.java:162)
	at org.apache.catalina.core.ApplicationFilterChain.doFilter(ApplicationFilterChain.java:138)
	at org.springframework.web.filter.FormContentFilter.doFilterInternal(FormContentFilter.java:93)
	at org.springframework.web.filter.OncePerRequestFilter.doFilter(OncePerRequestFilter.java:116)
	at org.apache.catalina.core.ApplicationFilterChain.internalDoFilter(ApplicationFilterChain.java:162)
	at org.apache.catalina.core.ApplicationFilterChain.doFilter(ApplicationFilterChain.java:138)
	at org.springframework.web.filter.CharacterEncodingFilter.doFilterInternal(CharacterEncodingFilter.java:201)
	at org.springframework.web.filter.OncePerRequestFilter.doFilter(OncePerRequestFilter.java:116)
	at org.apache.catalina.core.ApplicationFilterChain.internalDoFilter(ApplicationFilterChain.java:162)
	at org.apache.catalina.core.ApplicationFilterChain.doFilter(ApplicationFilterChain.java:138)
	at org.apache.catalina.core.StandardWrapperValve.invoke(StandardWrapperValve.java:165)
	at org.apache.catalina.core.StandardContextValve.invoke(StandardContextValve.java:88)
	at org.apache.catalina.authenticator.AuthenticatorBase.invoke(AuthenticatorBase.java:492)
	at org.apache.catalina.core.StandardHostValve.invoke(StandardHostValve.java:113)
	at org.apache.catalina.valves.ErrorReportValve.invoke(ErrorReportValve.java:83)
	at org.apache.catalina.core.StandardEngineValve.invoke(StandardEngineValve.java:72)
	at org.apache.catalina.connector.CoyoteAdapter.service(CoyoteAdapter.java:342)
	at org.apache.coyote.http11.Http11Processor.service(Http11Processor.java:399)
	at org.apache.coyote.AbstractProcessorLight.process(AbstractProcessorLight.java:63)
	at org.apache.coyote.AbstractProtocol$ConnectionHandler.process(AbstractProtocol.java:1272)
	at org.apache.tomcat.util.net.NioEndpoint$SocketProcessor.doRun(NioEndpoint.java:1797)
	at org.apache.tomcat.util.net.SocketProcessorBase.run(SocketProcessorBase.java:52)
	at org.apache.tomcat.util.threads.ThreadPoolExecutor.runWorker(ThreadPoolExecutor.java:973)
	at org.apache.tomcat.util.threads.ThreadPoolExecutor$Worker.run(ThreadPoolExecutor.java:491)
	at org.apache.tomcat.util.threads.TaskThread$WrappingRunnable.run(TaskThread.java:63)
	at java.base/java.lang.Thread.run(Thread.java:842)
2026-08-14 22:10:04.478 INFO  [http-nio-8081-exec-7][a9690c0f497c4745afae20dc9d4edfeb][userId=] c.recruit.smartrecruit.filter.RequestTraceFilter - 请求结束 method=PUT uri=/job/5 status=200 cost=17ms
2026-08-14 22:14:05.819 INFO  [SpringApplicationShutdownHook][][userId=] o.s.boot.web.embedded.tomcat.GracefulShutdown - Commencing graceful shutdown. Waiting for active requests to complete
2026-08-14 22:14:06.240 INFO  [tomcat-shutdown][][userId=] o.s.boot.web.embedded.tomcat.GracefulShutdown - Graceful shutdown complete
2026-08-14 22:14:06.252 INFO  [SpringApplicationShutdownHook][][userId=] com.zaxxer.hikari.HikariDataSource - HikariPool-1 - Shutdown initiated...
2026-08-14 22:14:06.262 INFO  [SpringApplicationShutdownHook][][userId=] com.zaxxer.hikari.HikariDataSource - HikariPool-1 - Shutdown completed.
2026-08-14 22:14:10.083 INFO  [main][][userId=] com.recruit.smartrecruit.SmartRecruitApplication - Starting SmartRecruitApplication using Java 17.0.12 with PID 24432 (D:\project\smart-recruit\target\classes started by 李 in D:\project\smart-recruit)
2026-08-14 22:14:10.086 INFO  [main][][userId=] com.recruit.smartrecruit.SmartRecruitApplication - No active profile set, falling back to 1 default profile: "default"
2026-08-14 22:14:11.065 INFO  [main][][userId=] o.s.d.r.config.RepositoryConfigurationDelegate - Multiple Spring Data modules found, entering strict repository configuration mode
2026-08-14 22:14:11.071 INFO  [main][][userId=] o.s.d.r.config.RepositoryConfigurationDelegate - Bootstrapping Spring Data Redis repositories in DEFAULT mode.
2026-08-14 22:14:11.110 INFO  [main][][userId=] o.s.d.r.config.RepositoryConfigurationDelegate - Finished Spring Data repository scanning in 16 ms. Found 0 Redis repository interfaces.
2026-08-14 22:14:11.858 INFO  [main][][userId=] o.s.boot.web.embedded.tomcat.TomcatWebServer - Tomcat initialized with port 8081 (http)
2026-08-14 22:14:11.874 INFO  [main][][userId=] org.apache.catalina.core.StandardService - Starting service [Tomcat]
2026-08-14 22:14:11.875 INFO  [main][][userId=] org.apache.catalina.core.StandardEngine - Starting Servlet engine: [Apache Tomcat/10.1.55]
2026-08-14 22:14:11.955 INFO  [main][][userId=] o.a.c.core.ContainerBase.[Tomcat].[localhost].[/] - Initializing Spring embedded WebApplicationContext
2026-08-14 22:14:11.956 INFO  [main][][userId=] o.s.b.w.s.c.ServletWebServerApplicationContext - Root WebApplicationContext: initialization completed in 1823 ms
2026-08-14 22:14:14.105 INFO  [main][][userId=] o.s.boot.web.embedded.tomcat.TomcatWebServer - Tomcat started on port 8081 (http) with context path '/'
2026-08-14 22:14:14.122 INFO  [main][][userId=] com.recruit.smartrecruit.SmartRecruitApplication - Started SmartRecruitApplication in 4.552 seconds (process running for 4.88)
2026-08-14 22:15:08.150 INFO  [SpringApplicationShutdownHook][][userId=] o.s.boot.web.embedded.tomcat.GracefulShutdown - Commencing graceful shutdown. Waiting for active requests to complete
2026-08-14 22:15:08.589 INFO  [tomcat-shutdown][][userId=] o.s.boot.web.embedded.tomcat.GracefulShutdown - Graceful shutdown complete
2026-08-14 22:15:12.430 INFO  [main][][userId=] com.recruit.smartrecruit.SmartRecruitApplication - Starting SmartRecruitApplication using Java 17.0.12 with PID 51476 (D:\project\smart-recruit\target\classes started by 李 in D:\project\smart-recruit)
2026-08-14 22:15:12.433 INFO  [main][][userId=] com.recruit.smartrecruit.SmartRecruitApplication - No active profile set, falling back to 1 default profile: "default"
2026-08-14 22:15:13.472 INFO  [main][][userId=] o.s.d.r.config.RepositoryConfigurationDelegate - Multiple Spring Data modules found, entering strict repository configuration mode
2026-08-14 22:15:13.476 INFO  [main][][userId=] o.s.d.r.config.RepositoryConfigurationDelegate - Bootstrapping Spring Data Redis repositories in DEFAULT mode.
2026-08-14 22:15:13.523 INFO  [main][][userId=] o.s.d.r.config.RepositoryConfigurationDelegate - Finished Spring Data repository scanning in 16 ms. Found 0 Redis repository interfaces.
2026-08-14 22:15:14.345 INFO  [main][][userId=] o.s.boot.web.embedded.tomcat.TomcatWebServer - Tomcat initialized with port 8081 (http)
2026-08-14 22:15:14.364 INFO  [main][][userId=] org.apache.catalina.core.StandardService - Starting service [Tomcat]
2026-08-14 22:15:14.365 INFO  [main][][userId=] org.apache.catalina.core.StandardEngine - Starting Servlet engine: [Apache Tomcat/10.1.55]
2026-08-14 22:15:14.437 INFO  [main][][userId=] o.a.c.core.ContainerBase.[Tomcat].[localhost].[/] - Initializing Spring embedded WebApplicationContext
2026-08-14 22:15:14.438 INFO  [main][][userId=] o.s.b.w.s.c.ServletWebServerApplicationContext - Root WebApplicationContext: initialization completed in 1954 ms
2026-08-14 22:15:16.770 INFO  [main][][userId=] o.s.boot.web.embedded.tomcat.TomcatWebServer - Tomcat started on port 8081 (http) with context path '/'
2026-08-14 22:15:16.791 INFO  [main][][userId=] com.recruit.smartrecruit.SmartRecruitApplication - Started SmartRecruitApplication in 4.884 seconds (process running for 5.245)
2026-08-14 22:15:22.663 INFO  [http-nio-8081-exec-2][][userId=] o.a.c.core.ContainerBase.[Tomcat].[localhost].[/] - Initializing Spring DispatcherServlet 'dispatcherServlet'
2026-08-14 22:15:22.663 INFO  [http-nio-8081-exec-2][][userId=] org.springframework.web.servlet.DispatcherServlet - Initializing Servlet 'dispatcherServlet'
2026-08-14 22:15:22.664 INFO  [http-nio-8081-exec-2][][userId=] org.springframework.web.servlet.DispatcherServlet - Completed initialization in 1 ms
2026-08-14 22:15:22.671 INFO  [http-nio-8081-exec-2][4c30515d44eb46d79e00b8a637537105][userId=] c.recruit.smartrecruit.filter.RequestTraceFilter - 请求开始 method=PUT uri=/job
2026-08-14 22:15:22.778 INFO  [http-nio-8081-exec-2][4c30515d44eb46d79e00b8a637537105][userId=9] c.recruit.smartrecruit.aspect.OperationLogAspect - 操作开始 operation=修改岗位信息
2026-08-14 22:15:22.796 INFO  [http-nio-8081-exec-2][4c30515d44eb46d79e00b8a637537105][userId=9] com.zaxxer.hikari.HikariDataSource - HikariPool-1 - Starting...
2026-08-14 22:15:22.949 INFO  [http-nio-8081-exec-2][4c30515d44eb46d79e00b8a637537105][userId=9] com.zaxxer.hikari.pool.HikariPool - HikariPool-1 - Added connection com.mysql.cj.jdbc.ConnectionImpl@22fedbc1
2026-08-14 22:15:22.950 INFO  [http-nio-8081-exec-2][4c30515d44eb46d79e00b8a637537105][userId=9] com.zaxxer.hikari.HikariDataSource - HikariPool-1 - Start completed.
2026-08-14 22:15:22.960 DEBUG [http-nio-8081-exec-2][4c30515d44eb46d79e00b8a637537105][userId=9] c.recruit.smartrecruit.mapper.UserMapper.findById - ==>  Preparing: SELECT id, username, password, nickname, email, phone, role, create_time FROM sys_user WHERE id = ?
2026-08-14 22:15:23.000 DEBUG [http-nio-8081-exec-2][4c30515d44eb46d79e00b8a637537105][userId=9] c.recruit.smartrecruit.mapper.UserMapper.findById - ==> Parameters: 9(Long)
2026-08-14 22:15:23.028 DEBUG [http-nio-8081-exec-2][4c30515d44eb46d79e00b8a637537105][userId=9] c.recruit.smartrecruit.mapper.UserMapper.findById - <==      Total: 1
2026-08-14 22:15:23.041 DEBUG [http-nio-8081-exec-2][4c30515d44eb46d79e00b8a637537105][userId=9] c.r.smartrecruit.mapper.CompanyMapper.findByUserId - ==>  Preparing: SELECT * FROM COMPANY WHERE user_id=?
2026-08-14 22:15:23.042 DEBUG [http-nio-8081-exec-2][4c30515d44eb46d79e00b8a637537105][userId=9] c.r.smartrecruit.mapper.CompanyMapper.findByUserId - ==> Parameters: 9(Long)
2026-08-14 22:15:23.045 DEBUG [http-nio-8081-exec-2][4c30515d44eb46d79e00b8a637537105][userId=9] c.r.smartrecruit.mapper.CompanyMapper.findByUserId - <==      Total: 1
2026-08-14 22:15:23.046 DEBUG [http-nio-8081-exec-2][4c30515d44eb46d79e00b8a637537105][userId=9] c.recruit.smartrecruit.mapper.JobMapper.findById - ==>  Preparing: SELECT * FROM job WHERE id=?;
2026-08-14 22:15:23.047 DEBUG [http-nio-8081-exec-2][4c30515d44eb46d79e00b8a637537105][userId=9] c.recruit.smartrecruit.mapper.JobMapper.findById - ==> Parameters: 6(Long)
2026-08-14 22:15:23.049 DEBUG [http-nio-8081-exec-2][4c30515d44eb46d79e00b8a637537105][userId=9] c.recruit.smartrecruit.mapper.JobMapper.findById - <==      Total: 0
2026-08-14 22:15:23.050 ERROR [http-nio-8081-exec-2][4c30515d44eb46d79e00b8a637537105][userId=9] c.recruit.smartrecruit.aspect.OperationLogAspect - 操作异常 operation=修改岗位信息 cost=272ms
com.recruit.smartrecruit.exception.BusinessException: 岗位不存在
	at com.recruit.smartrecruit.service.impl.JobServiceImpl.update(JobServiceImpl.java:72)
	at com.recruit.smartrecruit.controller.JobController.updateJob(JobController.java:56)
	at java.base/jdk.internal.reflect.NativeMethodAccessorImpl.invoke0(Native Method)
	at java.base/jdk.internal.reflect.NativeMethodAccessorImpl.invoke(NativeMethodAccessorImpl.java:77)
	at java.base/jdk.internal.reflect.DelegatingMethodAccessorImpl.invoke(DelegatingMethodAccessorImpl.java:43)
	at java.base/java.lang.reflect.Method.invoke(Method.java:568)
	at org.springframework.aop.support.AopUtils.invokeJoinpointUsingReflection(AopUtils.java:360)
	at org.springframework.aop.framework.ReflectiveMethodInvocation.invokeJoinpoint(ReflectiveMethodInvocation.java:196)
	at org.springframework.aop.framework.ReflectiveMethodInvocation.proceed(ReflectiveMethodInvocation.java:163)
	at org.springframework.aop.aspectj.MethodInvocationProceedingJoinPoint.proceed(MethodInvocationProceedingJoinPoint.java:89)
	at com.recruit.smartrecruit.aspect.OperationLogAspect.operationLog(OperationLogAspect.java:40)
	at java.base/jdk.internal.reflect.NativeMethodAccessorImpl.invoke0(Native Method)
	at java.base/jdk.internal.reflect.NativeMethodAccessorImpl.invoke(NativeMethodAccessorImpl.java:77)
	at java.base/jdk.internal.reflect.DelegatingMethodAccessorImpl.invoke(DelegatingMethodAccessorImpl.java:43)
	at java.base/java.lang.reflect.Method.invoke(Method.java:568)
	at org.springframework.aop.aspectj.AbstractAspectJAdvice.invokeAdviceMethodWithGivenArgs(AbstractAspectJAdvice.java:649)
	at org.springframework.aop.aspectj.AbstractAspectJAdvice.invokeAdviceMethod(AbstractAspectJAdvice.java:631)
	at org.springframework.aop.aspectj.AspectJAroundAdvice.invoke(AspectJAroundAdvice.java:71)
	at org.springframework.aop.framework.ReflectiveMethodInvocation.proceed(ReflectiveMethodInvocation.java:173)
	at org.springframework.aop.interceptor.ExposeInvocationInterceptor.invoke(ExposeInvocationInterceptor.java:97)
	at org.springframework.aop.framework.ReflectiveMethodInvocation.proceed(ReflectiveMethodInvocation.java:184)
	at org.springframework.aop.framework.CglibAopProxy$DynamicAdvisedInterceptor.intercept(CglibAopProxy.java:728)
	at com.recruit.smartrecruit.controller.JobController$$SpringCGLIB$$0.updateJob(<generated>)
	at java.base/jdk.internal.reflect.NativeMethodAccessorImpl.invoke0(Native Method)
	at java.base/jdk.internal.reflect.NativeMethodAccessorImpl.invoke(NativeMethodAccessorImpl.java:77)
	at java.base/jdk.internal.reflect.DelegatingMethodAccessorImpl.invoke(DelegatingMethodAccessorImpl.java:43)
	at java.base/java.lang.reflect.Method.invoke(Method.java:568)
	at org.springframework.web.method.support.InvocableHandlerMethod.doInvoke(InvocableHandlerMethod.java:258)
	at org.springframework.web.method.support.InvocableHandlerMethod.invokeForRequest(InvocableHandlerMethod.java:191)
	at org.springframework.web.servlet.mvc.method.annotation.ServletInvocableHandlerMethod.invokeAndHandle(ServletInvocableHandlerMethod.java:118)
	at org.springframework.web.servlet.mvc.method.annotation.RequestMappingHandlerAdapter.invokeHandlerMethod(RequestMappingHandlerAdapter.java:991)
	at org.springframework.web.servlet.mvc.method.annotation.RequestMappingHandlerAdapter.handleInternal(RequestMappingHandlerAdapter.java:896)
	at org.springframework.web.servlet.mvc.method.AbstractHandlerMethodAdapter.handle(AbstractHandlerMethodAdapter.java:87)
	at org.springframework.web.servlet.DispatcherServlet.doDispatch(DispatcherServlet.java:1089)
	at org.springframework.web.servlet.DispatcherServlet.doService(DispatcherServlet.java:979)
	at org.springframework.web.servlet.FrameworkServlet.processRequest(FrameworkServlet.java:1014)
	at org.springframework.web.servlet.FrameworkServlet.doPut(FrameworkServlet.java:925)
	at jakarta.servlet.http.HttpServlet.service(HttpServlet.java:593)
	at org.springframework.web.servlet.FrameworkServlet.service(FrameworkServlet.java:885)
	at jakarta.servlet.http.HttpServlet.service(HttpServlet.java:658)
	at org.apache.catalina.core.ApplicationFilterChain.internalDoFilter(ApplicationFilterChain.java:193)
	at org.apache.catalina.core.ApplicationFilterChain.doFilter(ApplicationFilterChain.java:138)
	at org.apache.tomcat.websocket.server.WsFilter.doFilter(WsFilter.java:51)
	at org.apache.catalina.core.ApplicationFilterChain.internalDoFilter(ApplicationFilterChain.java:162)
	at org.apache.catalina.core.ApplicationFilterChain.doFilter(ApplicationFilterChain.java:138)
	at com.recruit.smartrecruit.filter.RequestTraceFilter.doFilterInternal(RequestTraceFilter.java:48)
	at org.springframework.web.filter.OncePerRequestFilter.doFilter(OncePerRequestFilter.java:116)
	at org.apache.catalina.core.ApplicationFilterChain.internalDoFilter(ApplicationFilterChain.java:162)
	at org.apache.catalina.core.ApplicationFilterChain.doFilter(ApplicationFilterChain.java:138)
	at org.springframework.web.filter.RequestContextFilter.doFilterInternal(RequestContextFilter.java:100)
	at org.springframework.web.filter.OncePerRequestFilter.doFilter(OncePerRequestFilter.java:116)
	at org.apache.catalina.core.ApplicationFilterChain.internalDoFilter(ApplicationFilterChain.java:162)
	at org.apache.catalina.core.ApplicationFilterChain.doFilter(ApplicationFilterChain.java:138)
	at org.springframework.web.filter.FormContentFilter.doFilterInternal(FormContentFilter.java:93)
	at org.springframework.web.filter.OncePerRequestFilter.doFilter(OncePerRequestFilter.java:116)
	at org.apache.catalina.core.ApplicationFilterChain.internalDoFilter(ApplicationFilterChain.java:162)
	at org.apache.catalina.core.ApplicationFilterChain.doFilter(ApplicationFilterChain.java:138)
	at org.springframework.web.filter.CharacterEncodingFilter.doFilterInternal(CharacterEncodingFilter.java:201)
	at org.springframework.web.filter.OncePerRequestFilter.doFilter(OncePerRequestFilter.java:116)
	at org.apache.catalina.core.ApplicationFilterChain.internalDoFilter(ApplicationFilterChain.java:162)
	at org.apache.catalina.core.ApplicationFilterChain.doFilter(ApplicationFilterChain.java:138)
	at org.apache.catalina.core.StandardWrapperValve.invoke(StandardWrapperValve.java:165)
	at org.apache.catalina.core.StandardContextValve.invoke(StandardContextValve.java:88)
	at org.apache.catalina.authenticator.AuthenticatorBase.invoke(AuthenticatorBase.java:492)
	at org.apache.catalina.core.StandardHostValve.invoke(StandardHostValve.java:113)
	at org.apache.catalina.valves.ErrorReportValve.invoke(ErrorReportValve.java:83)
	at org.apache.catalina.core.StandardEngineValve.invoke(StandardEngineValve.java:72)
	at org.apache.catalina.connector.CoyoteAdapter.service(CoyoteAdapter.java:342)
	at org.apache.coyote.http11.Http11Processor.service(Http11Processor.java:399)
	at org.apache.coyote.AbstractProcessorLight.process(AbstractProcessorLight.java:63)
	at org.apache.coyote.AbstractProtocol$ConnectionHandler.process(AbstractProtocol.java:1272)
	at org.apache.tomcat.util.net.NioEndpoint$SocketProcessor.doRun(NioEndpoint.java:1797)
	at org.apache.tomcat.util.net.SocketProcessorBase.run(SocketProcessorBase.java:52)
	at org.apache.tomcat.util.threads.ThreadPoolExecutor.runWorker(ThreadPoolExecutor.java:973)
	at org.apache.tomcat.util.threads.ThreadPoolExecutor$Worker.run(ThreadPoolExecutor.java:491)
	at org.apache.tomcat.util.threads.TaskThread$WrappingRunnable.run(TaskThread.java:63)
	at java.base/java.lang.Thread.run(Thread.java:842)
2026-08-14 22:15:23.057 WARN  [http-nio-8081-exec-2][4c30515d44eb46d79e00b8a637537105][userId=9] c.r.smartrecruit.exception.GlobalExceptionHandler - 业务异常：岗位不存在
2026-08-14 22:15:23.090 INFO  [http-nio-8081-exec-2][4c30515d44eb46d79e00b8a637537105][userId=] c.recruit.smartrecruit.filter.RequestTraceFilter - 请求结束 method=PUT uri=/job status=200 cost=419ms
2026-08-14 22:15:32.307 INFO  [http-nio-8081-exec-3][918ab46bb46b4facaba1b1d70d09c28b][userId=] c.recruit.smartrecruit.filter.RequestTraceFilter - 请求开始 method=PUT uri=/job
2026-08-14 22:15:32.312 INFO  [http-nio-8081-exec-3][918ab46bb46b4facaba1b1d70d09c28b][userId=9] c.recruit.smartrecruit.aspect.OperationLogAspect - 操作开始 operation=修改岗位信息
2026-08-14 22:15:32.312 DEBUG [http-nio-8081-exec-3][918ab46bb46b4facaba1b1d70d09c28b][userId=9] c.recruit.smartrecruit.mapper.UserMapper.findById - ==>  Preparing: SELECT id, username, password, nickname, email, phone, role, create_time FROM sys_user WHERE id = ?
2026-08-14 22:15:32.312 DEBUG [http-nio-8081-exec-3][918ab46bb46b4facaba1b1d70d09c28b][userId=9] c.recruit.smartrecruit.mapper.UserMapper.findById - ==> Parameters: 9(Long)
2026-08-14 22:15:32.312 DEBUG [http-nio-8081-exec-3][918ab46bb46b4facaba1b1d70d09c28b][userId=9] c.recruit.smartrecruit.mapper.UserMapper.findById - <==      Total: 1
2026-08-14 22:15:32.316 DEBUG [http-nio-8081-exec-3][918ab46bb46b4facaba1b1d70d09c28b][userId=9] c.r.smartrecruit.mapper.CompanyMapper.findByUserId - ==>  Preparing: SELECT * FROM COMPANY WHERE user_id=?
2026-08-14 22:15:32.317 DEBUG [http-nio-8081-exec-3][918ab46bb46b4facaba1b1d70d09c28b][userId=9] c.r.smartrecruit.mapper.CompanyMapper.findByUserId - ==> Parameters: 9(Long)
2026-08-14 22:15:32.317 DEBUG [http-nio-8081-exec-3][918ab46bb46b4facaba1b1d70d09c28b][userId=9] c.r.smartrecruit.mapper.CompanyMapper.findByUserId - <==      Total: 1
2026-08-14 22:15:32.319 DEBUG [http-nio-8081-exec-3][918ab46bb46b4facaba1b1d70d09c28b][userId=9] c.recruit.smartrecruit.mapper.JobMapper.findById - ==>  Preparing: SELECT * FROM job WHERE id=?;
2026-08-14 22:15:32.319 DEBUG [http-nio-8081-exec-3][918ab46bb46b4facaba1b1d70d09c28b][userId=9] c.recruit.smartrecruit.mapper.JobMapper.findById - ==> Parameters: 5(Long)
2026-08-14 22:15:32.323 DEBUG [http-nio-8081-exec-3][918ab46bb46b4facaba1b1d70d09c28b][userId=9] c.recruit.smartrecruit.mapper.JobMapper.findById - <==      Total: 1
2026-08-14 22:15:32.324 DEBUG [http-nio-8081-exec-3][918ab46bb46b4facaba1b1d70d09c28b][userId=9] com.recruit.smartrecruit.mapper.JobMapper.update - ==>  Preparing: UPDATE job SET title=?, description=?, salary_min=?, salary_max=?, city=?, experience=?, education= ?, status=? WHERE id=?;
2026-08-14 22:15:32.325 DEBUG [http-nio-8081-exec-3][918ab46bb46b4facaba1b1d70d09c28b][userId=9] com.recruit.smartrecruit.mapper.JobMapper.update - ==> Parameters: agent开发(String), agent开发落地(String), 7000(Integer), 16000(Integer), 深圳(String), 应届生(String), 本科(String), 0(Integer), 5(Long)
2026-08-14 22:15:32.391 DEBUG [http-nio-8081-exec-3][918ab46bb46b4facaba1b1d70d09c28b][userId=9] com.recruit.smartrecruit.mapper.JobMapper.update - <==    Updates: 1
2026-08-14 22:15:33.475 INFO  [http-nio-8081-exec-3][918ab46bb46b4facaba1b1d70d09c28b][userId=9] c.recruit.smartrecruit.aspect.OperationLogAspect - 操作成功 operation=修改岗位信息 cost=1163ms
2026-08-14 22:15:33.483 INFO  [http-nio-8081-exec-3][918ab46bb46b4facaba1b1d70d09c28b][userId=] c.recruit.smartrecruit.filter.RequestTraceFilter - 请求结束 method=PUT uri=/job status=200 cost=1176ms
2026-08-14 22:15:56.102 INFO  [http-nio-8081-exec-4][698df2c2af154f35a4a8fe62af03dd40][userId=] c.recruit.smartrecruit.filter.RequestTraceFilter - 请求开始 method=GET uri=/job/5
2026-08-14 22:15:56.114 INFO  [http-nio-8081-exec-4][698df2c2af154f35a4a8fe62af03dd40][userId=9] c.recruit.smartrecruit.aspect.OperationLogAspect - 操作开始 operation=查询岗位详情
2026-08-14 22:15:56.124 DEBUG [http-nio-8081-exec-4][698df2c2af154f35a4a8fe62af03dd40][userId=9] c.recruit.smartrecruit.mapper.JobMapper.findById - ==>  Preparing: SELECT * FROM job WHERE id=?;
2026-08-14 22:15:56.124 DEBUG [http-nio-8081-exec-4][698df2c2af154f35a4a8fe62af03dd40][userId=9] c.recruit.smartrecruit.mapper.JobMapper.findById - ==> Parameters: 5(Long)
2026-08-14 22:15:56.126 DEBUG [http-nio-8081-exec-4][698df2c2af154f35a4a8fe62af03dd40][userId=9] c.recruit.smartrecruit.mapper.JobMapper.findById - <==      Total: 1
2026-08-14 22:15:56.152 INFO  [http-nio-8081-exec-4][698df2c2af154f35a4a8fe62af03dd40][userId=9] c.recruit.smartrecruit.aspect.OperationLogAspect - 操作成功 operation=查询岗位详情 cost=38ms
2026-08-14 22:15:56.157 INFO  [http-nio-8081-exec-4][698df2c2af154f35a4a8fe62af03dd40][userId=] c.recruit.smartrecruit.filter.RequestTraceFilter - 请求结束 method=GET uri=/job/5 status=200 cost=55ms
2026-08-14 22:15:58.442 INFO  [http-nio-8081-exec-5][4fabce8bcdba4ef5a4ccd88189066b58][userId=] c.recruit.smartrecruit.filter.RequestTraceFilter - 请求开始 method=GET uri=/job/5
2026-08-14 22:15:58.445 INFO  [http-nio-8081-exec-5][4fabce8bcdba4ef5a4ccd88189066b58][userId=9] c.recruit.smartrecruit.aspect.OperationLogAspect - 操作开始 operation=查询岗位详情
2026-08-14 22:15:58.457 INFO  [http-nio-8081-exec-5][4fabce8bcdba4ef5a4ccd88189066b58][userId=9] c.recruit.smartrecruit.aspect.OperationLogAspect - 操作成功 operation=查询岗位详情 cost=12ms
2026-08-14 22:15:58.459 INFO  [http-nio-8081-exec-5][4fabce8bcdba4ef5a4ccd88189066b58][userId=] c.recruit.smartrecruit.filter.RequestTraceFilter - 请求结束 method=GET uri=/job/5 status=200 cost=17ms
2026-08-14 22:16:09.313 INFO  [http-nio-8081-exec-6][fa8853b16bf343998c3162f96ba3049b][userId=] c.recruit.smartrecruit.filter.RequestTraceFilter - 请求开始 method=PUT uri=/job
2026-08-14 22:16:09.317 INFO  [http-nio-8081-exec-6][fa8853b16bf343998c3162f96ba3049b][userId=9] c.recruit.smartrecruit.aspect.OperationLogAspect - 操作开始 operation=修改岗位信息
2026-08-14 22:16:09.320 DEBUG [http-nio-8081-exec-6][fa8853b16bf343998c3162f96ba3049b][userId=9] c.recruit.smartrecruit.mapper.UserMapper.findById - ==>  Preparing: SELECT id, username, password, nickname, email, phone, role, create_time FROM sys_user WHERE id = ?
2026-08-14 22:16:09.321 DEBUG [http-nio-8081-exec-6][fa8853b16bf343998c3162f96ba3049b][userId=9] c.recruit.smartrecruit.mapper.UserMapper.findById - ==> Parameters: 9(Long)
2026-08-14 22:16:09.324 DEBUG [http-nio-8081-exec-6][fa8853b16bf343998c3162f96ba3049b][userId=9] c.recruit.smartrecruit.mapper.UserMapper.findById - <==      Total: 1
2026-08-14 22:16:09.326 DEBUG [http-nio-8081-exec-6][fa8853b16bf343998c3162f96ba3049b][userId=9] c.r.smartrecruit.mapper.CompanyMapper.findByUserId - ==>  Preparing: SELECT * FROM COMPANY WHERE user_id=?
2026-08-14 22:16:09.327 DEBUG [http-nio-8081-exec-6][fa8853b16bf343998c3162f96ba3049b][userId=9] c.r.smartrecruit.mapper.CompanyMapper.findByUserId - ==> Parameters: 9(Long)
2026-08-14 22:16:09.330 DEBUG [http-nio-8081-exec-6][fa8853b16bf343998c3162f96ba3049b][userId=9] c.r.smartrecruit.mapper.CompanyMapper.findByUserId - <==      Total: 1
2026-08-14 22:16:09.331 DEBUG [http-nio-8081-exec-6][fa8853b16bf343998c3162f96ba3049b][userId=9] c.recruit.smartrecruit.mapper.JobMapper.findById - ==>  Preparing: SELECT * FROM job WHERE id=?;
2026-08-14 22:16:09.332 DEBUG [http-nio-8081-exec-6][fa8853b16bf343998c3162f96ba3049b][userId=9] c.recruit.smartrecruit.mapper.JobMapper.findById - ==> Parameters: 5(Long)
2026-08-14 22:16:09.335 DEBUG [http-nio-8081-exec-6][fa8853b16bf343998c3162f96ba3049b][userId=9] c.recruit.smartrecruit.mapper.JobMapper.findById - <==      Total: 1
2026-08-14 22:16:09.336 DEBUG [http-nio-8081-exec-6][fa8853b16bf343998c3162f96ba3049b][userId=9] com.recruit.smartrecruit.mapper.JobMapper.update - ==>  Preparing: UPDATE job SET title=?, description=?, salary_min=?, salary_max=?, city=?, experience=?, education= ?, status=? WHERE id=?;
2026-08-14 22:16:09.336 DEBUG [http-nio-8081-exec-6][fa8853b16bf343998c3162f96ba3049b][userId=9] com.recruit.smartrecruit.mapper.JobMapper.update - ==> Parameters: agent开发1(String), agent开发落地(String), 7000(Integer), 16000(Integer), 深圳(String), 应届生(String), 本科(String), 0(Integer), 5(Long)
2026-08-14 22:16:09.412 DEBUG [http-nio-8081-exec-6][fa8853b16bf343998c3162f96ba3049b][userId=9] com.recruit.smartrecruit.mapper.JobMapper.update - <==    Updates: 1
2026-08-14 22:16:09.416 INFO  [http-nio-8081-exec-6][fa8853b16bf343998c3162f96ba3049b][userId=9] c.recruit.smartrecruit.aspect.OperationLogAspect - 操作成功 operation=修改岗位信息 cost=99ms
2026-08-14 22:16:09.418 INFO  [http-nio-8081-exec-6][fa8853b16bf343998c3162f96ba3049b][userId=] c.recruit.smartrecruit.filter.RequestTraceFilter - 请求结束 method=PUT uri=/job status=200 cost=105ms
2026-08-14 22:16:15.786 INFO  [http-nio-8081-exec-8][d01ff244f2434463bca6b5afd5a6a22f][userId=] c.recruit.smartrecruit.filter.RequestTraceFilter - 请求开始 method=GET uri=/job/5
2026-08-14 22:16:15.788 INFO  [http-nio-8081-exec-8][d01ff244f2434463bca6b5afd5a6a22f][userId=9] c.recruit.smartrecruit.aspect.OperationLogAspect - 操作开始 operation=查询岗位详情
2026-08-14 22:16:15.790 DEBUG [http-nio-8081-exec-8][d01ff244f2434463bca6b5afd5a6a22f][userId=9] c.recruit.smartrecruit.mapper.JobMapper.findById - ==>  Preparing: SELECT * FROM job WHERE id=?;
2026-08-14 22:16:15.791 DEBUG [http-nio-8081-exec-8][d01ff244f2434463bca6b5afd5a6a22f][userId=9] c.recruit.smartrecruit.mapper.JobMapper.findById - ==> Parameters: 5(Long)
2026-08-14 22:16:15.793 DEBUG [http-nio-8081-exec-8][d01ff244f2434463bca6b5afd5a6a22f][userId=9] c.recruit.smartrecruit.mapper.JobMapper.findById - <==      Total: 1
2026-08-14 22:16:15.795 INFO  [http-nio-8081-exec-8][d01ff244f2434463bca6b5afd5a6a22f][userId=9] c.recruit.smartrecruit.aspect.OperationLogAspect - 操作成功 operation=查询岗位详情 cost=7ms
2026-08-14 22:16:15.796 INFO  [http-nio-8081-exec-8][d01ff244f2434463bca6b5afd5a6a22f][userId=] c.recruit.smartrecruit.filter.RequestTraceFilter - 请求结束 method=GET uri=/job/5 status=200 cost=10ms
2026-08-14 22:18:00.494 INFO  [http-nio-8081-exec-10][96cdf7400f7d42dd8cf0ce5ff8417b1b][userId=] c.recruit.smartrecruit.filter.RequestTraceFilter - 请求开始 method=GET uri=/job/5
2026-08-14 22:18:00.496 INFO  [http-nio-8081-exec-10][96cdf7400f7d42dd8cf0ce5ff8417b1b][userId=9] c.recruit.smartrecruit.aspect.OperationLogAspect - 操作开始 operation=查询岗位详情
2026-08-14 22:18:00.498 INFO  [http-nio-8081-exec-10][96cdf7400f7d42dd8cf0ce5ff8417b1b][userId=9] c.recruit.smartrecruit.aspect.OperationLogAspect - 操作成功 operation=查询岗位详情 cost=2ms
2026-08-14 22:18:00.498 INFO  [http-nio-8081-exec-10][96cdf7400f7d42dd8cf0ce5ff8417b1b][userId=] c.recruit.smartrecruit.filter.RequestTraceFilter - 请求结束 method=GET uri=/job/5 status=200 cost=4ms
2026-08-14 22:18:19.405 INFO  [http-nio-8081-exec-1][d76152ffc4b742678e2df137008ee94c][userId=] c.recruit.smartrecruit.filter.RequestTraceFilter - 请求开始 method=DELETE uri=/job/5
2026-08-14 22:18:19.413 INFO  [http-nio-8081-exec-1][d76152ffc4b742678e2df137008ee94c][userId=9] c.recruit.smartrecruit.aspect.OperationLogAspect - 操作开始 operation=删除岗位
2026-08-14 22:18:19.415 DEBUG [http-nio-8081-exec-1][d76152ffc4b742678e2df137008ee94c][userId=9] c.recruit.smartrecruit.mapper.UserMapper.findById - ==>  Preparing: SELECT id, username, password, nickname, email, phone, role, create_time FROM sys_user WHERE id = ?
2026-08-14 22:18:19.417 DEBUG [http-nio-8081-exec-1][d76152ffc4b742678e2df137008ee94c][userId=9] c.recruit.smartrecruit.mapper.UserMapper.findById - ==> Parameters: 9(Long)
2026-08-14 22:18:19.419 DEBUG [http-nio-8081-exec-1][d76152ffc4b742678e2df137008ee94c][userId=9] c.recruit.smartrecruit.mapper.UserMapper.findById - <==      Total: 1
2026-08-14 22:18:19.421 DEBUG [http-nio-8081-exec-1][d76152ffc4b742678e2df137008ee94c][userId=9] c.r.smartrecruit.mapper.CompanyMapper.findByUserId - ==>  Preparing: SELECT * FROM COMPANY WHERE user_id=?
2026-08-14 22:18:19.422 DEBUG [http-nio-8081-exec-1][d76152ffc4b742678e2df137008ee94c][userId=9] c.r.smartrecruit.mapper.CompanyMapper.findByUserId - ==> Parameters: 9(Long)
2026-08-14 22:18:19.424 DEBUG [http-nio-8081-exec-1][d76152ffc4b742678e2df137008ee94c][userId=9] c.r.smartrecruit.mapper.CompanyMapper.findByUserId - <==      Total: 1
2026-08-14 22:18:19.424 DEBUG [http-nio-8081-exec-1][d76152ffc4b742678e2df137008ee94c][userId=9] c.recruit.smartrecruit.mapper.JobMapper.findById - ==>  Preparing: SELECT * FROM job WHERE id=?;
2026-08-14 22:18:19.428 DEBUG [http-nio-8081-exec-1][d76152ffc4b742678e2df137008ee94c][userId=9] c.recruit.smartrecruit.mapper.JobMapper.findById - ==> Parameters: 5(Long)
2026-08-14 22:18:19.437 DEBUG [http-nio-8081-exec-1][d76152ffc4b742678e2df137008ee94c][userId=9] c.recruit.smartrecruit.mapper.JobMapper.findById - <==      Total: 1
2026-08-14 22:18:19.439 DEBUG [http-nio-8081-exec-1][d76152ffc4b742678e2df137008ee94c][userId=9] com.recruit.smartrecruit.mapper.JobMapper.delete - ==>  Preparing: DELETE FROM job WHERE id=?
2026-08-14 22:18:19.440 DEBUG [http-nio-8081-exec-1][d76152ffc4b742678e2df137008ee94c][userId=9] com.recruit.smartrecruit.mapper.JobMapper.delete - ==> Parameters: 5(Long)
2026-08-14 22:18:19.481 DEBUG [http-nio-8081-exec-1][d76152ffc4b742678e2df137008ee94c][userId=9] com.recruit.smartrecruit.mapper.JobMapper.delete - <==    Updates: 1
2026-08-14 22:18:19.483 INFO  [http-nio-8081-exec-1][d76152ffc4b742678e2df137008ee94c][userId=9] c.recruit.smartrecruit.aspect.OperationLogAspect - 操作成功 operation=删除岗位 cost=69ms
2026-08-14 22:18:19.485 INFO  [http-nio-8081-exec-1][d76152ffc4b742678e2df137008ee94c][userId=] c.recruit.smartrecruit.filter.RequestTraceFilter - 请求结束 method=DELETE uri=/job/5 status=200 cost=80ms
2026-08-14 22:18:23.676 INFO  [http-nio-8081-exec-2][1c759e75f44547a7b59b0b8253ae8b0d][userId=] c.recruit.smartrecruit.filter.RequestTraceFilter - 请求开始 method=GET uri=/job/5
2026-08-14 22:18:23.677 INFO  [http-nio-8081-exec-2][1c759e75f44547a7b59b0b8253ae8b0d][userId=9] c.recruit.smartrecruit.aspect.OperationLogAspect - 操作开始 operation=查询岗位详情
2026-08-14 22:18:23.680 DEBUG [http-nio-8081-exec-2][1c759e75f44547a7b59b0b8253ae8b0d][userId=9] c.recruit.smartrecruit.mapper.JobMapper.findById - ==>  Preparing: SELECT * FROM job WHERE id=?;
2026-08-14 22:18:23.681 DEBUG [http-nio-8081-exec-2][1c759e75f44547a7b59b0b8253ae8b0d][userId=9] c.recruit.smartrecruit.mapper.JobMapper.findById - ==> Parameters: 5(Long)
2026-08-14 22:18:23.682 DEBUG [http-nio-8081-exec-2][1c759e75f44547a7b59b0b8253ae8b0d][userId=9] c.recruit.smartrecruit.mapper.JobMapper.findById - <==      Total: 0
2026-08-14 22:18:23.683 ERROR [http-nio-8081-exec-2][1c759e75f44547a7b59b0b8253ae8b0d][userId=9] c.recruit.smartrecruit.aspect.OperationLogAspect - 操作异常 operation=查询岗位详情 cost=6ms
com.recruit.smartrecruit.exception.BusinessException: 岗位不存在
	at com.recruit.smartrecruit.service.impl.JobServiceImpl.findById(JobServiceImpl.java:55)
	at com.recruit.smartrecruit.controller.JobController.infoJob(JobController.java:47)
	at java.base/jdk.internal.reflect.NativeMethodAccessorImpl.invoke0(Native Method)
	at java.base/jdk.internal.reflect.NativeMethodAccessorImpl.invoke(NativeMethodAccessorImpl.java:77)
	at java.base/jdk.internal.reflect.DelegatingMethodAccessorImpl.invoke(DelegatingMethodAccessorImpl.java:43)
	at java.base/java.lang.reflect.Method.invoke(Method.java:568)
	at org.springframework.aop.support.AopUtils.invokeJoinpointUsingReflection(AopUtils.java:360)
	at org.springframework.aop.framework.ReflectiveMethodInvocation.invokeJoinpoint(ReflectiveMethodInvocation.java:196)
	at org.springframework.aop.framework.ReflectiveMethodInvocation.proceed(ReflectiveMethodInvocation.java:163)
	at org.springframework.aop.aspectj.MethodInvocationProceedingJoinPoint.proceed(MethodInvocationProceedingJoinPoint.java:89)
	at com.recruit.smartrecruit.aspect.OperationLogAspect.operationLog(OperationLogAspect.java:40)
	at java.base/jdk.internal.reflect.NativeMethodAccessorImpl.invoke0(Native Method)
	at java.base/jdk.internal.reflect.NativeMethodAccessorImpl.invoke(NativeMethodAccessorImpl.java:77)
	at java.base/jdk.internal.reflect.DelegatingMethodAccessorImpl.invoke(DelegatingMethodAccessorImpl.java:43)
	at java.base/java.lang.reflect.Method.invoke(Method.java:568)
	at org.springframework.aop.aspectj.AbstractAspectJAdvice.invokeAdviceMethodWithGivenArgs(AbstractAspectJAdvice.java:649)
	at org.springframework.aop.aspectj.AbstractAspectJAdvice.invokeAdviceMethod(AbstractAspectJAdvice.java:631)
	at org.springframework.aop.aspectj.AspectJAroundAdvice.invoke(AspectJAroundAdvice.java:71)
	at org.springframework.aop.framework.ReflectiveMethodInvocation.proceed(ReflectiveMethodInvocation.java:173)
	at org.springframework.aop.interceptor.ExposeInvocationInterceptor.invoke(ExposeInvocationInterceptor.java:97)
	at org.springframework.aop.framework.ReflectiveMethodInvocation.proceed(ReflectiveMethodInvocation.java:184)
	at org.springframework.aop.framework.CglibAopProxy$DynamicAdvisedInterceptor.intercept(CglibAopProxy.java:728)
	at com.recruit.smartrecruit.controller.JobController$$SpringCGLIB$$0.infoJob(<generated>)
	at java.base/jdk.internal.reflect.NativeMethodAccessorImpl.invoke0(Native Method)
	at java.base/jdk.internal.reflect.NativeMethodAccessorImpl.invoke(NativeMethodAccessorImpl.java:77)
	at java.base/jdk.internal.reflect.DelegatingMethodAccessorImpl.invoke(DelegatingMethodAccessorImpl.java:43)
	at java.base/java.lang.reflect.Method.invoke(Method.java:568)
	at org.springframework.web.method.support.InvocableHandlerMethod.doInvoke(InvocableHandlerMethod.java:258)
	at org.springframework.web.method.support.InvocableHandlerMethod.invokeForRequest(InvocableHandlerMethod.java:191)
	at org.springframework.web.servlet.mvc.method.annotation.ServletInvocableHandlerMethod.invokeAndHandle(ServletInvocableHandlerMethod.java:118)
	at org.springframework.web.servlet.mvc.method.annotation.RequestMappingHandlerAdapter.invokeHandlerMethod(RequestMappingHandlerAdapter.java:991)
	at org.springframework.web.servlet.mvc.method.annotation.RequestMappingHandlerAdapter.handleInternal(RequestMappingHandlerAdapter.java:896)
	at org.springframework.web.servlet.mvc.method.AbstractHandlerMethodAdapter.handle(AbstractHandlerMethodAdapter.java:87)
	at org.springframework.web.servlet.DispatcherServlet.doDispatch(DispatcherServlet.java:1089)
	at org.springframework.web.servlet.DispatcherServlet.doService(DispatcherServlet.java:979)
	at org.springframework.web.servlet.FrameworkServlet.processRequest(FrameworkServlet.java:1014)
	at org.springframework.web.servlet.FrameworkServlet.doGet(FrameworkServlet.java:903)
	at jakarta.servlet.http.HttpServlet.service(HttpServlet.java:564)
	at org.springframework.web.servlet.FrameworkServlet.service(FrameworkServlet.java:885)
	at jakarta.servlet.http.HttpServlet.service(HttpServlet.java:658)
	at org.apache.catalina.core.ApplicationFilterChain.internalDoFilter(ApplicationFilterChain.java:193)
	at org.apache.catalina.core.ApplicationFilterChain.doFilter(ApplicationFilterChain.java:138)
	at org.apache.tomcat.websocket.server.WsFilter.doFilter(WsFilter.java:51)
	at org.apache.catalina.core.ApplicationFilterChain.internalDoFilter(ApplicationFilterChain.java:162)
	at org.apache.catalina.core.ApplicationFilterChain.doFilter(ApplicationFilterChain.java:138)
	at com.recruit.smartrecruit.filter.RequestTraceFilter.doFilterInternal(RequestTraceFilter.java:48)
	at org.springframework.web.filter.OncePerRequestFilter.doFilter(OncePerRequestFilter.java:116)
	at org.apache.catalina.core.ApplicationFilterChain.internalDoFilter(ApplicationFilterChain.java:162)
	at org.apache.catalina.core.ApplicationFilterChain.doFilter(ApplicationFilterChain.java:138)
	at org.springframework.web.filter.RequestContextFilter.doFilterInternal(RequestContextFilter.java:100)
	at org.springframework.web.filter.OncePerRequestFilter.doFilter(OncePerRequestFilter.java:116)
	at org.apache.catalina.core.ApplicationFilterChain.internalDoFilter(ApplicationFilterChain.java:162)
	at org.apache.catalina.core.ApplicationFilterChain.doFilter(ApplicationFilterChain.java:138)
	at org.springframework.web.filter.FormContentFilter.doFilterInternal(FormContentFilter.java:93)
	at org.springframework.web.filter.OncePerRequestFilter.doFilter(OncePerRequestFilter.java:116)
	at org.apache.catalina.core.ApplicationFilterChain.internalDoFilter(ApplicationFilterChain.java:162)
	at org.apache.catalina.core.ApplicationFilterChain.doFilter(ApplicationFilterChain.java:138)
	at org.springframework.web.filter.CharacterEncodingFilter.doFilterInternal(CharacterEncodingFilter.java:201)
	at org.springframework.web.filter.OncePerRequestFilter.doFilter(OncePerRequestFilter.java:116)
	at org.apache.catalina.core.ApplicationFilterChain.internalDoFilter(ApplicationFilterChain.java:162)
	at org.apache.catalina.core.ApplicationFilterChain.doFilter(ApplicationFilterChain.java:138)
	at org.apache.catalina.core.StandardWrapperValve.invoke(StandardWrapperValve.java:165)
	at org.apache.catalina.core.StandardContextValve.invoke(StandardContextValve.java:88)
	at org.apache.catalina.authenticator.AuthenticatorBase.invoke(AuthenticatorBase.java:492)
	at org.apache.catalina.core.StandardHostValve.invoke(StandardHostValve.java:113)
	at org.apache.catalina.valves.ErrorReportValve.invoke(ErrorReportValve.java:83)
	at org.apache.catalina.core.StandardEngineValve.invoke(StandardEngineValve.java:72)
	at org.apache.catalina.connector.CoyoteAdapter.service(CoyoteAdapter.java:342)
	at org.apache.coyote.http11.Http11Processor.service(Http11Processor.java:399)
	at org.apache.coyote.AbstractProcessorLight.process(AbstractProcessorLight.java:63)
	at org.apache.coyote.AbstractProtocol$ConnectionHandler.process(AbstractProtocol.java:1272)
	at org.apache.tomcat.util.net.NioEndpoint$SocketProcessor.doRun(NioEndpoint.java:1797)
	at org.apache.tomcat.util.net.SocketProcessorBase.run(SocketProcessorBase.java:52)
	at org.apache.tomcat.util.threads.ThreadPoolExecutor.runWorker(ThreadPoolExecutor.java:973)
	at org.apache.tomcat.util.threads.ThreadPoolExecutor$Worker.run(ThreadPoolExecutor.java:491)
	at org.apache.tomcat.util.threads.TaskThread$WrappingRunnable.run(TaskThread.java:63)
	at java.base/java.lang.Thread.run(Thread.java:842)
2026-08-14 22:18:23.686 WARN  [http-nio-8081-exec-2][1c759e75f44547a7b59b0b8253ae8b0d][userId=9] c.r.smartrecruit.exception.GlobalExceptionHandler - 业务异常：岗位不存在
2026-08-14 22:18:23.687 INFO  [http-nio-8081-exec-2][1c759e75f44547a7b59b0b8253ae8b0d][userId=] c.recruit.smartrecruit.filter.RequestTraceFilter - 请求结束 method=GET uri=/job/5 status=200 cost=11ms
2026-08-14 22:24:08.495 INFO  [SpringApplicationShutdownHook][][userId=] o.s.boot.web.embedded.tomcat.GracefulShutdown - Commencing graceful shutdown. Waiting for active requests to complete
2026-08-14 22:24:08.913 INFO  [tomcat-shutdown][][userId=] o.s.boot.web.embedded.tomcat.GracefulShutdown - Graceful shutdown complete
2026-08-14 22:24:08.924 INFO  [SpringApplicationShutdownHook][][userId=] com.zaxxer.hikari.HikariDataSource - HikariPool-1 - Shutdown initiated...
2026-08-14 22:24:08.929 INFO  [SpringApplicationShutdownHook][][userId=] com.zaxxer.hikari.HikariDataSource - HikariPool-1 - Shutdown completed.
2026-08-14 22:24:12.896 INFO  [main][][userId=] com.recruit.smartrecruit.SmartRecruitApplication - Starting SmartRecruitApplication using Java 17.0.12 with PID 8548 (D:\project\smart-recruit\target\classes started by 李 in D:\project\smart-recruit)
2026-08-14 22:24:12.899 INFO  [main][][userId=] com.recruit.smartrecruit.SmartRecruitApplication - No active profile set, falling back to 1 default profile: "default"
2026-08-14 22:24:13.955 INFO  [main][][userId=] o.s.d.r.config.RepositoryConfigurationDelegate - Multiple Spring Data modules found, entering strict repository configuration mode
2026-08-14 22:24:13.959 INFO  [main][][userId=] o.s.d.r.config.RepositoryConfigurationDelegate - Bootstrapping Spring Data Redis repositories in DEFAULT mode.
2026-08-14 22:24:13.993 INFO  [main][][userId=] o.s.d.r.config.RepositoryConfigurationDelegate - Finished Spring Data repository scanning in 16 ms. Found 0 Redis repository interfaces.
2026-08-14 22:24:14.774 INFO  [main][][userId=] o.s.boot.web.embedded.tomcat.TomcatWebServer - Tomcat initialized with port 8081 (http)
2026-08-14 22:24:14.788 INFO  [main][][userId=] org.apache.catalina.core.StandardService - Starting service [Tomcat]
2026-08-14 22:24:14.788 INFO  [main][][userId=] org.apache.catalina.core.StandardEngine - Starting Servlet engine: [Apache Tomcat/10.1.55]
2026-08-14 22:24:14.860 INFO  [main][][userId=] o.a.c.core.ContainerBase.[Tomcat].[localhost].[/] - Initializing Spring embedded WebApplicationContext
2026-08-14 22:24:14.860 INFO  [main][][userId=] o.s.b.w.s.c.ServletWebServerApplicationContext - Root WebApplicationContext: initialization completed in 1908 ms
2026-08-14 22:24:17.299 INFO  [main][][userId=] o.s.boot.web.embedded.tomcat.TomcatWebServer - Tomcat started on port 8081 (http) with context path '/'
2026-08-14 22:24:17.315 INFO  [main][][userId=] com.recruit.smartrecruit.SmartRecruitApplication - Started SmartRecruitApplication in 4.934 seconds (process running for 5.277)
2026-08-14 22:27:18.209 INFO  [http-nio-8081-exec-1][][userId=] o.a.c.core.ContainerBase.[Tomcat].[localhost].[/] - Initializing Spring DispatcherServlet 'dispatcherServlet'
2026-08-14 22:27:18.211 INFO  [http-nio-8081-exec-1][][userId=] org.springframework.web.servlet.DispatcherServlet - Initializing Servlet 'dispatcherServlet'
2026-08-14 22:27:18.215 INFO  [http-nio-8081-exec-1][][userId=] org.springframework.web.servlet.DispatcherServlet - Completed initialization in 2 ms
2026-08-14 22:27:18.228 INFO  [http-nio-8081-exec-1][c4301cd32fdb4cce933ff2d779579a79][userId=] c.recruit.smartrecruit.filter.RequestTraceFilter - 请求开始 method=GET uri=/job/5
2026-08-14 22:27:18.464 INFO  [http-nio-8081-exec-1][c4301cd32fdb4cce933ff2d779579a79][userId=9] c.recruit.smartrecruit.aspect.OperationLogAspect - 操作开始 operation=查询岗位详情
2026-08-14 22:27:19.785 INFO  [http-nio-8081-exec-1][c4301cd32fdb4cce933ff2d779579a79][userId=9] com.zaxxer.hikari.HikariDataSource - HikariPool-1 - Starting...
2026-08-14 22:27:20.226 INFO  [http-nio-8081-exec-1][c4301cd32fdb4cce933ff2d779579a79][userId=9] com.zaxxer.hikari.pool.HikariPool - HikariPool-1 - Added connection com.mysql.cj.jdbc.ConnectionImpl@72abc495
2026-08-14 22:27:20.229 INFO  [http-nio-8081-exec-1][c4301cd32fdb4cce933ff2d779579a79][userId=9] com.zaxxer.hikari.HikariDataSource - HikariPool-1 - Start completed.
2026-08-14 22:27:20.241 DEBUG [http-nio-8081-exec-1][c4301cd32fdb4cce933ff2d779579a79][userId=9] c.recruit.smartrecruit.mapper.JobMapper.findById - ==>  Preparing: SELECT * FROM job WHERE id=?;
2026-08-14 22:27:20.290 DEBUG [http-nio-8081-exec-1][c4301cd32fdb4cce933ff2d779579a79][userId=9] c.recruit.smartrecruit.mapper.JobMapper.findById - ==> Parameters: 5(Long)
2026-08-14 22:27:20.351 DEBUG [http-nio-8081-exec-1][c4301cd32fdb4cce933ff2d779579a79][userId=9] c.recruit.smartrecruit.mapper.JobMapper.findById - <==      Total: 0
2026-08-14 22:27:20.369 ERROR [http-nio-8081-exec-1][c4301cd32fdb4cce933ff2d779579a79][userId=9] c.recruit.smartrecruit.aspect.OperationLogAspect - 操作异常 operation=查询岗位详情 cost=1908ms
com.recruit.smartrecruit.exception.BusinessException: 岗位不存在
	at com.recruit.smartrecruit.service.impl.JobServiceImpl.findById(JobServiceImpl.java:55)
	at com.recruit.smartrecruit.controller.JobController.infoJob(JobController.java:47)
	at java.base/jdk.internal.reflect.NativeMethodAccessorImpl.invoke0(Native Method)
	at java.base/jdk.internal.reflect.NativeMethodAccessorImpl.invoke(NativeMethodAccessorImpl.java:77)
	at java.base/jdk.internal.reflect.DelegatingMethodAccessorImpl.invoke(DelegatingMethodAccessorImpl.java:43)
	at java.base/java.lang.reflect.Method.invoke(Method.java:568)
	at org.springframework.aop.support.AopUtils.invokeJoinpointUsingReflection(AopUtils.java:360)
	at org.springframework.aop.framework.ReflectiveMethodInvocation.invokeJoinpoint(ReflectiveMethodInvocation.java:196)
	at org.springframework.aop.framework.ReflectiveMethodInvocation.proceed(ReflectiveMethodInvocation.java:163)
	at org.springframework.aop.aspectj.MethodInvocationProceedingJoinPoint.proceed(MethodInvocationProceedingJoinPoint.java:89)
	at com.recruit.smartrecruit.aspect.OperationLogAspect.operationLog(OperationLogAspect.java:40)
	at java.base/jdk.internal.reflect.NativeMethodAccessorImpl.invoke0(Native Method)
	at java.base/jdk.internal.reflect.NativeMethodAccessorImpl.invoke(NativeMethodAccessorImpl.java:77)
	at java.base/jdk.internal.reflect.DelegatingMethodAccessorImpl.invoke(DelegatingMethodAccessorImpl.java:43)
	at java.base/java.lang.reflect.Method.invoke(Method.java:568)
	at org.springframework.aop.aspectj.AbstractAspectJAdvice.invokeAdviceMethodWithGivenArgs(AbstractAspectJAdvice.java:649)
	at org.springframework.aop.aspectj.AbstractAspectJAdvice.invokeAdviceMethod(AbstractAspectJAdvice.java:631)
	at org.springframework.aop.aspectj.AspectJAroundAdvice.invoke(AspectJAroundAdvice.java:71)
	at org.springframework.aop.framework.ReflectiveMethodInvocation.proceed(ReflectiveMethodInvocation.java:173)
	at org.springframework.aop.interceptor.ExposeInvocationInterceptor.invoke(ExposeInvocationInterceptor.java:97)
	at org.springframework.aop.framework.ReflectiveMethodInvocation.proceed(ReflectiveMethodInvocation.java:184)
	at org.springframework.aop.framework.CglibAopProxy$DynamicAdvisedInterceptor.intercept(CglibAopProxy.java:728)
	at com.recruit.smartrecruit.controller.JobController$$SpringCGLIB$$0.infoJob(<generated>)
	at java.base/jdk.internal.reflect.NativeMethodAccessorImpl.invoke0(Native Method)
	at java.base/jdk.internal.reflect.NativeMethodAccessorImpl.invoke(NativeMethodAccessorImpl.java:77)
	at java.base/jdk.internal.reflect.DelegatingMethodAccessorImpl.invoke(DelegatingMethodAccessorImpl.java:43)
	at java.base/java.lang.reflect.Method.invoke(Method.java:568)
	at org.springframework.web.method.support.InvocableHandlerMethod.doInvoke(InvocableHandlerMethod.java:258)
	at org.springframework.web.method.support.InvocableHandlerMethod.invokeForRequest(InvocableHandlerMethod.java:191)
	at org.springframework.web.servlet.mvc.method.annotation.ServletInvocableHandlerMethod.invokeAndHandle(ServletInvocableHandlerMethod.java:118)
	at org.springframework.web.servlet.mvc.method.annotation.RequestMappingHandlerAdapter.invokeHandlerMethod(RequestMappingHandlerAdapter.java:991)
	at org.springframework.web.servlet.mvc.method.annotation.RequestMappingHandlerAdapter.handleInternal(RequestMappingHandlerAdapter.java:896)
	at org.springframework.web.servlet.mvc.method.AbstractHandlerMethodAdapter.handle(AbstractHandlerMethodAdapter.java:87)
	at org.springframework.web.servlet.DispatcherServlet.doDispatch(DispatcherServlet.java:1089)
	at org.springframework.web.servlet.DispatcherServlet.doService(DispatcherServlet.java:979)
	at org.springframework.web.servlet.FrameworkServlet.processRequest(FrameworkServlet.java:1014)
	at org.springframework.web.servlet.FrameworkServlet.doGet(FrameworkServlet.java:903)
	at jakarta.servlet.http.HttpServlet.service(HttpServlet.java:564)
	at org.springframework.web.servlet.FrameworkServlet.service(FrameworkServlet.java:885)
	at jakarta.servlet.http.HttpServlet.service(HttpServlet.java:658)
	at org.apache.catalina.core.ApplicationFilterChain.internalDoFilter(ApplicationFilterChain.java:193)
	at org.apache.catalina.core.ApplicationFilterChain.doFilter(ApplicationFilterChain.java:138)
	at org.apache.tomcat.websocket.server.WsFilter.doFilter(WsFilter.java:51)
	at org.apache.catalina.core.ApplicationFilterChain.internalDoFilter(ApplicationFilterChain.java:162)
	at org.apache.catalina.core.ApplicationFilterChain.doFilter(ApplicationFilterChain.java:138)
	at com.recruit.smartrecruit.filter.RequestTraceFilter.doFilterInternal(RequestTraceFilter.java:48)
	at org.springframework.web.filter.OncePerRequestFilter.doFilter(OncePerRequestFilter.java:116)
	at org.apache.catalina.core.ApplicationFilterChain.internalDoFilter(ApplicationFilterChain.java:162)
	at org.apache.catalina.core.ApplicationFilterChain.doFilter(ApplicationFilterChain.java:138)
	at org.springframework.web.filter.RequestContextFilter.doFilterInternal(RequestContextFilter.java:100)
	at org.springframework.web.filter.OncePerRequestFilter.doFilter(OncePerRequestFilter.java:116)
	at org.apache.catalina.core.ApplicationFilterChain.internalDoFilter(ApplicationFilterChain.java:162)
	at org.apache.catalina.core.ApplicationFilterChain.doFilter(ApplicationFilterChain.java:138)
	at org.springframework.web.filter.FormContentFilter.doFilterInternal(FormContentFilter.java:93)
	at org.springframework.web.filter.OncePerRequestFilter.doFilter(OncePerRequestFilter.java:116)
	at org.apache.catalina.core.ApplicationFilterChain.internalDoFilter(ApplicationFilterChain.java:162)
	at org.apache.catalina.core.ApplicationFilterChain.doFilter(ApplicationFilterChain.java:138)
	at org.springframework.web.filter.CharacterEncodingFilter.doFilterInternal(CharacterEncodingFilter.java:201)
	at org.springframework.web.filter.OncePerRequestFilter.doFilter(OncePerRequestFilter.java:116)
	at org.apache.catalina.core.ApplicationFilterChain.internalDoFilter(ApplicationFilterChain.java:162)
	at org.apache.catalina.core.ApplicationFilterChain.doFilter(ApplicationFilterChain.java:138)
	at org.apache.catalina.core.StandardWrapperValve.invoke(StandardWrapperValve.java:165)
	at org.apache.catalina.core.StandardContextValve.invoke(StandardContextValve.java:88)
	at org.apache.catalina.authenticator.AuthenticatorBase.invoke(AuthenticatorBase.java:492)
	at org.apache.catalina.core.StandardHostValve.invoke(StandardHostValve.java:113)
	at org.apache.catalina.valves.ErrorReportValve.invoke(ErrorReportValve.java:83)
	at org.apache.catalina.core.StandardEngineValve.invoke(StandardEngineValve.java:72)
	at org.apache.catalina.connector.CoyoteAdapter.service(CoyoteAdapter.java:342)
	at org.apache.coyote.http11.Http11Processor.service(Http11Processor.java:399)
	at org.apache.coyote.AbstractProcessorLight.process(AbstractProcessorLight.java:63)
	at org.apache.coyote.AbstractProtocol$ConnectionHandler.process(AbstractProtocol.java:1272)
	at org.apache.tomcat.util.net.NioEndpoint$SocketProcessor.doRun(NioEndpoint.java:1797)
	at org.apache.tomcat.util.net.SocketProcessorBase.run(SocketProcessorBase.java:52)
	at org.apache.tomcat.util.threads.ThreadPoolExecutor.runWorker(ThreadPoolExecutor.java:973)
	at org.apache.tomcat.util.threads.ThreadPoolExecutor$Worker.run(ThreadPoolExecutor.java:491)
	at org.apache.tomcat.util.threads.TaskThread$WrappingRunnable.run(TaskThread.java:63)
	at java.base/java.lang.Thread.run(Thread.java:842)
2026-08-14 22:27:20.387 WARN  [http-nio-8081-exec-1][c4301cd32fdb4cce933ff2d779579a79][userId=9] c.r.smartrecruit.exception.GlobalExceptionHandler - 业务异常：岗位不存在
2026-08-14 22:27:20.536 INFO  [http-nio-8081-exec-1][c4301cd32fdb4cce933ff2d779579a79][userId=] c.recruit.smartrecruit.filter.RequestTraceFilter - 请求结束 method=GET uri=/job/5 status=200 cost=2309ms
2026-08-14 22:27:27.141 INFO  [http-nio-8081-exec-3][77d19549800b4d969fc17ac31f716f9f][userId=] c.recruit.smartrecruit.filter.RequestTraceFilter - 请求开始 method=POST uri=/job
2026-08-14 22:27:27.147 INFO  [http-nio-8081-exec-3][77d19549800b4d969fc17ac31f716f9f][userId=] c.recruit.smartrecruit.filter.RequestTraceFilter - 请求结束 method=POST uri=/job status=401 cost=6ms
2026-08-14 22:27:33.985 INFO  [http-nio-8081-exec-4][e6ae0eab146f4d688ef31625cf220fbc][userId=] c.recruit.smartrecruit.filter.RequestTraceFilter - 请求开始 method=POST uri=/user/login
2026-08-14 22:27:34.162 DEBUG [http-nio-8081-exec-4][e6ae0eab146f4d688ef31625cf220fbc][userId=] c.r.smartrecruit.mapper.UserMapper.findByUsername - ==>  Preparing: SELECT * FROM sys_user WHERE username = ?
2026-08-14 22:27:34.163 DEBUG [http-nio-8081-exec-4][e6ae0eab146f4d688ef31625cf220fbc][userId=] c.r.smartrecruit.mapper.UserMapper.findByUsername - ==> Parameters: company2(String)
2026-08-14 22:27:34.172 DEBUG [http-nio-8081-exec-4][e6ae0eab146f4d688ef31625cf220fbc][userId=] c.r.smartrecruit.mapper.UserMapper.findByUsername - <==      Total: 1
2026-08-14 22:27:34.198 INFO  [http-nio-8081-exec-4][e6ae0eab146f4d688ef31625cf220fbc][userId=] c.recruit.smartrecruit.filter.RequestTraceFilter - 请求结束 method=POST uri=/user/login status=200 cost=213ms
2026-08-14 22:28:03.043 INFO  [http-nio-8081-exec-5][2e8a7f8c3d73492a9d55f595aa917317][userId=] c.recruit.smartrecruit.filter.RequestTraceFilter - 请求开始 method=POST uri=/job
2026-08-14 22:28:03.045 INFO  [http-nio-8081-exec-5][2e8a7f8c3d73492a9d55f595aa917317][userId=] c.recruit.smartrecruit.filter.RequestTraceFilter - 请求结束 method=POST uri=/job status=401 cost=2ms
2026-08-14 22:28:15.004 INFO  [http-nio-8081-exec-6][e0a840f72cea4d31ad02d8b6015876fa][userId=] c.recruit.smartrecruit.filter.RequestTraceFilter - 请求开始 method=POST uri=/user/login
2026-08-14 22:28:15.009 DEBUG [http-nio-8081-exec-6][e0a840f72cea4d31ad02d8b6015876fa][userId=] c.r.smartrecruit.mapper.UserMapper.findByUsername - ==>  Preparing: SELECT * FROM sys_user WHERE username = ?
2026-08-14 22:28:15.010 DEBUG [http-nio-8081-exec-6][e0a840f72cea4d31ad02d8b6015876fa][userId=] c.r.smartrecruit.mapper.UserMapper.findByUsername - ==> Parameters: company2(String)
2026-08-14 22:28:15.012 DEBUG [http-nio-8081-exec-6][e0a840f72cea4d31ad02d8b6015876fa][userId=] c.r.smartrecruit.mapper.UserMapper.findByUsername - <==      Total: 1
2026-08-14 22:28:15.017 INFO  [http-nio-8081-exec-6][e0a840f72cea4d31ad02d8b6015876fa][userId=] c.recruit.smartrecruit.filter.RequestTraceFilter - 请求结束 method=POST uri=/user/login status=200 cost=13ms
2026-08-14 22:28:36.800 INFO  [http-nio-8081-exec-7][e3364f494a7a4130ada4be9d1483c5c0][userId=] c.recruit.smartrecruit.filter.RequestTraceFilter - 请求开始 method=POST uri=/job
2026-08-14 22:28:36.801 INFO  [http-nio-8081-exec-7][e3364f494a7a4130ada4be9d1483c5c0][userId=] c.recruit.smartrecruit.filter.RequestTraceFilter - 请求结束 method=POST uri=/job status=401 cost=1ms
2026-08-14 22:40:24.351 INFO  [SpringApplicationShutdownHook][][userId=] o.s.boot.web.embedded.tomcat.GracefulShutdown - Commencing graceful shutdown. Waiting for active requests to complete
2026-08-14 22:40:24.822 INFO  [tomcat-shutdown][][userId=] o.s.boot.web.embedded.tomcat.GracefulShutdown - Graceful shutdown complete
2026-08-14 22:40:24.836 INFO  [SpringApplicationShutdownHook][][userId=] com.zaxxer.hikari.HikariDataSource - HikariPool-1 - Shutdown initiated...
2026-08-14 22:40:24.845 INFO  [SpringApplicationShutdownHook][][userId=] com.zaxxer.hikari.HikariDataSource - HikariPool-1 - Shutdown completed.
2026-08-14 22:40:27.654 INFO  [main][][userId=] com.recruit.smartrecruit.SmartRecruitApplication - Starting SmartRecruitApplication using Java 17.0.12 with PID 29432 (D:\project\smart-recruit\target\classes started by 李 in D:\project\smart-recruit)
2026-08-14 22:40:27.657 INFO  [main][][userId=] com.recruit.smartrecruit.SmartRecruitApplication - No active profile set, falling back to 1 default profile: "default"
2026-08-14 22:40:28.881 INFO  [main][][userId=] o.s.d.r.config.RepositoryConfigurationDelegate - Multiple Spring Data modules found, entering strict repository configuration mode
2026-08-14 22:40:28.884 INFO  [main][][userId=] o.s.d.r.config.RepositoryConfigurationDelegate - Bootstrapping Spring Data Redis repositories in DEFAULT mode.
2026-08-14 22:40:28.930 INFO  [main][][userId=] o.s.d.r.config.RepositoryConfigurationDelegate - Finished Spring Data repository scanning in 25 ms. Found 0 Redis repository interfaces.
2026-08-14 22:40:29.991 INFO  [main][][userId=] o.s.boot.web.embedded.tomcat.TomcatWebServer - Tomcat initialized with port 8081 (http)
2026-08-14 22:40:30.025 INFO  [main][][userId=] org.apache.catalina.core.StandardService - Starting service [Tomcat]
2026-08-14 22:40:30.025 INFO  [main][][userId=] org.apache.catalina.core.StandardEngine - Starting Servlet engine: [Apache Tomcat/10.1.55]
2026-08-14 22:40:30.127 INFO  [main][][userId=] o.a.c.core.ContainerBase.[Tomcat].[localhost].[/] - Initializing Spring embedded WebApplicationContext
2026-08-14 22:40:30.128 INFO  [main][][userId=] o.s.b.w.s.c.ServletWebServerApplicationContext - Root WebApplicationContext: initialization completed in 2399 ms
2026-08-14 22:40:32.794 INFO  [main][][userId=] o.s.boot.web.embedded.tomcat.TomcatWebServer - Tomcat started on port 8081 (http) with context path '/'
2026-08-14 22:40:32.825 INFO  [main][][userId=] com.recruit.smartrecruit.SmartRecruitApplication - Started SmartRecruitApplication in 5.85 seconds (process running for 6.384)
2026-08-14 22:40:43.070 INFO  [http-nio-8081-exec-1][][userId=] o.a.c.core.ContainerBase.[Tomcat].[localhost].[/] - Initializing Spring DispatcherServlet 'dispatcherServlet'
2026-08-14 22:40:43.070 INFO  [http-nio-8081-exec-1][][userId=] org.springframework.web.servlet.DispatcherServlet - Initializing Servlet 'dispatcherServlet'
2026-08-14 22:40:43.070 INFO  [http-nio-8081-exec-1][][userId=] org.springframework.web.servlet.DispatcherServlet - Completed initialization in 0 ms
2026-08-14 22:40:43.084 INFO  [http-nio-8081-exec-1][361d498db08f445987a04791970feb9e][userId=] c.recruit.smartrecruit.filter.RequestTraceFilter - 请求开始 method=POST uri=/job
2026-08-14 22:40:43.186 INFO  [http-nio-8081-exec-1][361d498db08f445987a04791970feb9e][userId=] c.recruit.smartrecruit.filter.RequestTraceFilter - 请求结束 method=POST uri=/job status=401 cost=102ms
2026-08-14 22:40:49.211 INFO  [http-nio-8081-exec-3][3fffa346772e4a73b01b068085fe3072][userId=] c.recruit.smartrecruit.filter.RequestTraceFilter - 请求开始 method=POST uri=/user/login
2026-08-14 22:40:49.469 INFO  [http-nio-8081-exec-3][3fffa346772e4a73b01b068085fe3072][userId=] com.zaxxer.hikari.HikariDataSource - HikariPool-1 - Starting...
2026-08-14 22:40:49.764 INFO  [http-nio-8081-exec-3][3fffa346772e4a73b01b068085fe3072][userId=] com.zaxxer.hikari.pool.HikariPool - HikariPool-1 - Added connection com.mysql.cj.jdbc.ConnectionImpl@4c686275
2026-08-14 22:40:49.767 INFO  [http-nio-8081-exec-3][3fffa346772e4a73b01b068085fe3072][userId=] com.zaxxer.hikari.HikariDataSource - HikariPool-1 - Start completed.
2026-08-14 22:40:49.787 DEBUG [http-nio-8081-exec-3][3fffa346772e4a73b01b068085fe3072][userId=] c.r.smartrecruit.mapper.UserMapper.findByUsername - ==>  Preparing: SELECT * FROM sys_user WHERE username = ?
2026-08-14 22:40:49.850 DEBUG [http-nio-8081-exec-3][3fffa346772e4a73b01b068085fe3072][userId=] c.r.smartrecruit.mapper.UserMapper.findByUsername - ==> Parameters: company2(String)
2026-08-14 22:40:49.906 DEBUG [http-nio-8081-exec-3][3fffa346772e4a73b01b068085fe3072][userId=] c.r.smartrecruit.mapper.UserMapper.findByUsername - <==      Total: 1
2026-08-14 22:40:49.984 INFO  [http-nio-8081-exec-3][3fffa346772e4a73b01b068085fe3072][userId=] c.recruit.smartrecruit.filter.RequestTraceFilter - 请求结束 method=POST uri=/user/login status=200 cost=773ms
2026-08-14 22:40:54.774 INFO  [http-nio-8081-exec-4][946df2b24a96471896952e34200fd786][userId=] c.recruit.smartrecruit.filter.RequestTraceFilter - 请求开始 method=POST uri=/job
2026-08-14 22:40:54.776 INFO  [http-nio-8081-exec-4][946df2b24a96471896952e34200fd786][userId=] c.recruit.smartrecruit.filter.RequestTraceFilter - 请求结束 method=POST uri=/job status=401 cost=2ms
2026-08-14 22:42:07.209 INFO  [http-nio-8081-exec-6][5c8b1c1e1cd44bc59c58c378d4f8d508][userId=] c.recruit.smartrecruit.filter.RequestTraceFilter - 请求开始 method=GET uri=/user/info
2026-08-14 22:42:07.226 DEBUG [http-nio-8081-exec-6][5c8b1c1e1cd44bc59c58c378d4f8d508][userId=9] c.recruit.smartrecruit.mapper.UserMapper.findById - ==>  Preparing: SELECT id, username, password, nickname, email, phone, role, create_time FROM sys_user WHERE id = ?
2026-08-14 22:42:07.227 DEBUG [http-nio-8081-exec-6][5c8b1c1e1cd44bc59c58c378d4f8d508][userId=9] c.recruit.smartrecruit.mapper.UserMapper.findById - ==> Parameters: 9(Long)
2026-08-14 22:42:07.232 DEBUG [http-nio-8081-exec-6][5c8b1c1e1cd44bc59c58c378d4f8d508][userId=9] c.recruit.smartrecruit.mapper.UserMapper.findById - <==      Total: 1
2026-08-14 22:42:07.242 INFO  [http-nio-8081-exec-6][5c8b1c1e1cd44bc59c58c378d4f8d508][userId=] c.recruit.smartrecruit.filter.RequestTraceFilter - 请求结束 method=GET uri=/user/info status=200 cost=33ms
2026-08-14 22:42:21.562 INFO  [http-nio-8081-exec-7][d0e8b47f7b394d508155b9eb44c19629][userId=] c.recruit.smartrecruit.filter.RequestTraceFilter - 请求开始 method=POST uri=/job
2026-08-14 22:42:21.564 INFO  [http-nio-8081-exec-7][d0e8b47f7b394d508155b9eb44c19629][userId=] c.recruit.smartrecruit.filter.RequestTraceFilter - 请求结束 method=POST uri=/job status=401 cost=2ms
2026-08-14 22:45:16.021 INFO  [http-nio-8081-exec-2][0f3d0527acf6434aba62f383ab4a8436][userId=] c.recruit.smartrecruit.filter.RequestTraceFilter - 请求开始 method=POST uri=/job
2026-08-14 22:45:16.022 INFO  [http-nio-8081-exec-2][0f3d0527acf6434aba62f383ab4a8436][userId=] c.recruit.smartrecruit.filter.RequestTraceFilter - 请求结束 method=POST uri=/job status=401 cost=1ms
2026-08-14 22:47:01.279 INFO  [http-nio-8081-exec-4][77de9d67ec6b486b94279103864d7233][userId=] c.recruit.smartrecruit.filter.RequestTraceFilter - 请求开始 method=POST uri=/job
2026-08-14 22:47:01.303 INFO  [http-nio-8081-exec-4][77de9d67ec6b486b94279103864d7233][userId=9] c.recruit.smartrecruit.aspect.OperationLogAspect - 操作开始 operation=发布岗位
2026-08-14 22:47:01.303 DEBUG [http-nio-8081-exec-4][77de9d67ec6b486b94279103864d7233][userId=9] c.recruit.smartrecruit.mapper.UserMapper.findById - ==>  Preparing: SELECT id, username, password, nickname, email, phone, role, create_time FROM sys_user WHERE id = ?
2026-08-14 22:47:01.308 DEBUG [http-nio-8081-exec-4][77de9d67ec6b486b94279103864d7233][userId=9] c.recruit.smartrecruit.mapper.UserMapper.findById - ==> Parameters: 9(Long)
2026-08-14 22:47:01.310 DEBUG [http-nio-8081-exec-4][77de9d67ec6b486b94279103864d7233][userId=9] c.recruit.smartrecruit.mapper.UserMapper.findById - <==      Total: 1
2026-08-14 22:47:01.312 DEBUG [http-nio-8081-exec-4][77de9d67ec6b486b94279103864d7233][userId=9] c.r.smartrecruit.mapper.CompanyMapper.findByUserId - ==>  Preparing: SELECT * FROM COMPANY WHERE user_id=?
2026-08-14 22:47:01.312 DEBUG [http-nio-8081-exec-4][77de9d67ec6b486b94279103864d7233][userId=9] c.r.smartrecruit.mapper.CompanyMapper.findByUserId - ==> Parameters: 9(Long)
2026-08-14 22:47:01.314 DEBUG [http-nio-8081-exec-4][77de9d67ec6b486b94279103864d7233][userId=9] c.r.smartrecruit.mapper.CompanyMapper.findByUserId - <==      Total: 1
2026-08-14 22:47:01.315 DEBUG [http-nio-8081-exec-4][77de9d67ec6b486b94279103864d7233][userId=9] com.recruit.smartrecruit.mapper.JobMapper.add - ==>  Preparing: INSERT INTO job ( company_id, title, description, salary_min, salary_max, city, experience, education, status )VALUES ( ?, ?, ?, ?, ?, ?, ?, ?, ? )
2026-08-14 22:47:01.317 DEBUG [http-nio-8081-exec-4][77de9d67ec6b486b94279103864d7233][userId=9] com.recruit.smartrecruit.mapper.JobMapper.add - ==> Parameters: 8(Long), Java全栈开发工程师(String), 负责Java业务开发和系统维护(String), 8000(Integer), 15000(Integer), 深圳(String), 应届生(String), 本科(String), 1(Integer)
2026-08-14 22:47:01.399 DEBUG [http-nio-8081-exec-4][77de9d67ec6b486b94279103864d7233][userId=9] com.recruit.smartrecruit.mapper.JobMapper.add - <==    Updates: 1
2026-08-14 22:47:01.399 INFO  [http-nio-8081-exec-4][77de9d67ec6b486b94279103864d7233][userId=9] c.recruit.smartrecruit.aspect.OperationLogAspect - 操作成功 operation=发布岗位 cost=96ms
2026-08-14 22:47:01.401 INFO  [http-nio-8081-exec-4][77de9d67ec6b486b94279103864d7233][userId=] c.recruit.smartrecruit.filter.RequestTraceFilter - 请求结束 method=POST uri=/job status=200 cost=122ms
2026-08-14 22:47:42.894 INFO  [http-nio-8081-exec-5][05eaf161b5bf4e9d8f0bd7266e75898d][userId=] c.recruit.smartrecruit.filter.RequestTraceFilter - 请求开始 method=GET uri=/job/7
2026-08-14 22:47:42.898 INFO  [http-nio-8081-exec-5][05eaf161b5bf4e9d8f0bd7266e75898d][userId=9] c.recruit.smartrecruit.aspect.OperationLogAspect - 操作开始 operation=查询岗位详情
2026-08-14 22:47:43.796 DEBUG [http-nio-8081-exec-5][05eaf161b5bf4e9d8f0bd7266e75898d][userId=9] c.recruit.smartrecruit.mapper.JobMapper.findById - ==>  Preparing: SELECT * FROM job WHERE id=?;
2026-08-14 22:47:43.796 DEBUG [http-nio-8081-exec-5][05eaf161b5bf4e9d8f0bd7266e75898d][userId=9] c.recruit.smartrecruit.mapper.JobMapper.findById - ==> Parameters: 7(Long)
2026-08-14 22:47:43.804 DEBUG [http-nio-8081-exec-5][05eaf161b5bf4e9d8f0bd7266e75898d][userId=9] c.recruit.smartrecruit.mapper.JobMapper.findById - <==      Total: 1
2026-08-14 22:47:43.846 INFO  [http-nio-8081-exec-5][05eaf161b5bf4e9d8f0bd7266e75898d][userId=9] c.recruit.smartrecruit.aspect.OperationLogAspect - 操作成功 operation=查询岗位详情 cost=948ms
2026-08-14 22:47:43.855 INFO  [http-nio-8081-exec-5][05eaf161b5bf4e9d8f0bd7266e75898d][userId=] c.recruit.smartrecruit.filter.RequestTraceFilter - 请求结束 method=GET uri=/job/7 status=200 cost=961ms
2026-08-14 22:47:45.478 INFO  [http-nio-8081-exec-9][6a3f132331f9441895eff3d8ed9a506c][userId=] c.recruit.smartrecruit.filter.RequestTraceFilter - 请求开始 method=GET uri=/job/7
2026-08-14 22:47:45.481 INFO  [http-nio-8081-exec-9][6a3f132331f9441895eff3d8ed9a506c][userId=9] c.recruit.smartrecruit.aspect.OperationLogAspect - 操作开始 operation=查询岗位详情
2026-08-14 22:47:45.495 INFO  [http-nio-8081-exec-9][6a3f132331f9441895eff3d8ed9a506c][userId=9] c.recruit.smartrecruit.aspect.OperationLogAspect - 操作成功 operation=查询岗位详情 cost=14ms
2026-08-14 22:47:45.497 INFO  [http-nio-8081-exec-9][6a3f132331f9441895eff3d8ed9a506c][userId=] c.recruit.smartrecruit.filter.RequestTraceFilter - 请求结束 method=GET uri=/job/7 status=200 cost=19ms
2026-08-14 22:47:50.856 INFO  [http-nio-8081-exec-6][c8c2256f7c524f08ba1790652584ff6b][userId=] c.recruit.smartrecruit.filter.RequestTraceFilter - 请求开始 method=PUT uri=/job
2026-08-14 22:47:50.861 INFO  [http-nio-8081-exec-6][c8c2256f7c524f08ba1790652584ff6b][userId=9] c.recruit.smartrecruit.aspect.OperationLogAspect - 操作开始 operation=修改岗位信息
2026-08-14 22:47:50.863 DEBUG [http-nio-8081-exec-6][c8c2256f7c524f08ba1790652584ff6b][userId=9] c.recruit.smartrecruit.mapper.UserMapper.findById - ==>  Preparing: SELECT id, username, password, nickname, email, phone, role, create_time FROM sys_user WHERE id = ?
2026-08-14 22:47:50.864 DEBUG [http-nio-8081-exec-6][c8c2256f7c524f08ba1790652584ff6b][userId=9] c.recruit.smartrecruit.mapper.UserMapper.findById - ==> Parameters: 9(Long)
2026-08-14 22:47:50.866 DEBUG [http-nio-8081-exec-6][c8c2256f7c524f08ba1790652584ff6b][userId=9] c.recruit.smartrecruit.mapper.UserMapper.findById - <==      Total: 1
2026-08-14 22:47:50.867 DEBUG [http-nio-8081-exec-6][c8c2256f7c524f08ba1790652584ff6b][userId=9] c.r.smartrecruit.mapper.CompanyMapper.findByUserId - ==>  Preparing: SELECT * FROM COMPANY WHERE user_id=?
2026-08-14 22:47:50.868 DEBUG [http-nio-8081-exec-6][c8c2256f7c524f08ba1790652584ff6b][userId=9] c.r.smartrecruit.mapper.CompanyMapper.findByUserId - ==> Parameters: 9(Long)
2026-08-14 22:47:50.870 DEBUG [http-nio-8081-exec-6][c8c2256f7c524f08ba1790652584ff6b][userId=9] c.r.smartrecruit.mapper.CompanyMapper.findByUserId - <==      Total: 1
2026-08-14 22:47:50.871 DEBUG [http-nio-8081-exec-6][c8c2256f7c524f08ba1790652584ff6b][userId=9] c.recruit.smartrecruit.mapper.JobMapper.findById - ==>  Preparing: SELECT * FROM job WHERE id=?;
2026-08-14 22:47:50.871 DEBUG [http-nio-8081-exec-6][c8c2256f7c524f08ba1790652584ff6b][userId=9] c.recruit.smartrecruit.mapper.JobMapper.findById - ==> Parameters: 5(Long)
2026-08-14 22:47:50.872 DEBUG [http-nio-8081-exec-6][c8c2256f7c524f08ba1790652584ff6b][userId=9] c.recruit.smartrecruit.mapper.JobMapper.findById - <==      Total: 0
2026-08-14 22:47:50.874 ERROR [http-nio-8081-exec-6][c8c2256f7c524f08ba1790652584ff6b][userId=9] c.recruit.smartrecruit.aspect.OperationLogAspect - 操作异常 operation=修改岗位信息 cost=13ms
com.recruit.smartrecruit.exception.BusinessException: 岗位不存在
	at com.recruit.smartrecruit.service.impl.JobServiceImpl.update(JobServiceImpl.java:72)
	at com.recruit.smartrecruit.controller.JobController.updateJob(JobController.java:56)
	at java.base/jdk.internal.reflect.NativeMethodAccessorImpl.invoke0(Native Method)
	at java.base/jdk.internal.reflect.NativeMethodAccessorImpl.invoke(NativeMethodAccessorImpl.java:77)
	at java.base/jdk.internal.reflect.DelegatingMethodAccessorImpl.invoke(DelegatingMethodAccessorImpl.java:43)
	at java.base/java.lang.reflect.Method.invoke(Method.java:568)
	at org.springframework.aop.support.AopUtils.invokeJoinpointUsingReflection(AopUtils.java:360)
	at org.springframework.aop.framework.ReflectiveMethodInvocation.invokeJoinpoint(ReflectiveMethodInvocation.java:196)
	at org.springframework.aop.framework.ReflectiveMethodInvocation.proceed(ReflectiveMethodInvocation.java:163)
	at org.springframework.aop.aspectj.MethodInvocationProceedingJoinPoint.proceed(MethodInvocationProceedingJoinPoint.java:89)
	at com.recruit.smartrecruit.aspect.OperationLogAspect.operationLog(OperationLogAspect.java:40)
	at java.base/jdk.internal.reflect.NativeMethodAccessorImpl.invoke0(Native Method)
	at java.base/jdk.internal.reflect.NativeMethodAccessorImpl.invoke(NativeMethodAccessorImpl.java:77)
	at java.base/jdk.internal.reflect.DelegatingMethodAccessorImpl.invoke(DelegatingMethodAccessorImpl.java:43)
	at java.base/java.lang.reflect.Method.invoke(Method.java:568)
	at org.springframework.aop.aspectj.AbstractAspectJAdvice.invokeAdviceMethodWithGivenArgs(AbstractAspectJAdvice.java:649)
	at org.springframework.aop.aspectj.AbstractAspectJAdvice.invokeAdviceMethod(AbstractAspectJAdvice.java:631)
	at org.springframework.aop.aspectj.AspectJAroundAdvice.invoke(AspectJAroundAdvice.java:71)
	at org.springframework.aop.framework.ReflectiveMethodInvocation.proceed(ReflectiveMethodInvocation.java:173)
	at org.springframework.aop.interceptor.ExposeInvocationInterceptor.invoke(ExposeInvocationInterceptor.java:97)
	at org.springframework.aop.framework.ReflectiveMethodInvocation.proceed(ReflectiveMethodInvocation.java:184)
	at org.springframework.aop.framework.CglibAopProxy$DynamicAdvisedInterceptor.intercept(CglibAopProxy.java:728)
	at com.recruit.smartrecruit.controller.JobController$$SpringCGLIB$$0.updateJob(<generated>)
	at java.base/jdk.internal.reflect.NativeMethodAccessorImpl.invoke0(Native Method)
	at java.base/jdk.internal.reflect.NativeMethodAccessorImpl.invoke(NativeMethodAccessorImpl.java:77)
	at java.base/jdk.internal.reflect.DelegatingMethodAccessorImpl.invoke(DelegatingMethodAccessorImpl.java:43)
	at java.base/java.lang.reflect.Method.invoke(Method.java:568)
	at org.springframework.web.method.support.InvocableHandlerMethod.doInvoke(InvocableHandlerMethod.java:258)
	at org.springframework.web.method.support.InvocableHandlerMethod.invokeForRequest(InvocableHandlerMethod.java:191)
	at org.springframework.web.servlet.mvc.method.annotation.ServletInvocableHandlerMethod.invokeAndHandle(ServletInvocableHandlerMethod.java:118)
	at org.springframework.web.servlet.mvc.method.annotation.RequestMappingHandlerAdapter.invokeHandlerMethod(RequestMappingHandlerAdapter.java:991)
	at org.springframework.web.servlet.mvc.method.annotation.RequestMappingHandlerAdapter.handleInternal(RequestMappingHandlerAdapter.java:896)
	at org.springframework.web.servlet.mvc.method.AbstractHandlerMethodAdapter.handle(AbstractHandlerMethodAdapter.java:87)
	at org.springframework.web.servlet.DispatcherServlet.doDispatch(DispatcherServlet.java:1089)
	at org.springframework.web.servlet.DispatcherServlet.doService(DispatcherServlet.java:979)
	at org.springframework.web.servlet.FrameworkServlet.processRequest(FrameworkServlet.java:1014)
	at org.springframework.web.servlet.FrameworkServlet.doPut(FrameworkServlet.java:925)
	at jakarta.servlet.http.HttpServlet.service(HttpServlet.java:593)
	at org.springframework.web.servlet.FrameworkServlet.service(FrameworkServlet.java:885)
	at jakarta.servlet.http.HttpServlet.service(HttpServlet.java:658)
	at org.apache.catalina.core.ApplicationFilterChain.internalDoFilter(ApplicationFilterChain.java:193)
	at org.apache.catalina.core.ApplicationFilterChain.doFilter(ApplicationFilterChain.java:138)
	at org.apache.tomcat.websocket.server.WsFilter.doFilter(WsFilter.java:51)
	at org.apache.catalina.core.ApplicationFilterChain.internalDoFilter(ApplicationFilterChain.java:162)
	at org.apache.catalina.core.ApplicationFilterChain.doFilter(ApplicationFilterChain.java:138)
	at com.recruit.smartrecruit.filter.RequestTraceFilter.doFilterInternal(RequestTraceFilter.java:48)
	at org.springframework.web.filter.OncePerRequestFilter.doFilter(OncePerRequestFilter.java:116)
	at org.apache.catalina.core.ApplicationFilterChain.internalDoFilter(ApplicationFilterChain.java:162)
	at org.apache.catalina.core.ApplicationFilterChain.doFilter(ApplicationFilterChain.java:138)
	at org.springframework.web.filter.RequestContextFilter.doFilterInternal(RequestContextFilter.java:100)
	at org.springframework.web.filter.OncePerRequestFilter.doFilter(OncePerRequestFilter.java:116)
	at org.apache.catalina.core.ApplicationFilterChain.internalDoFilter(ApplicationFilterChain.java:162)
	at org.apache.catalina.core.ApplicationFilterChain.doFilter(ApplicationFilterChain.java:138)
	at org.springframework.web.filter.FormContentFilter.doFilterInternal(FormContentFilter.java:93)
	at org.springframework.web.filter.OncePerRequestFilter.doFilter(OncePerRequestFilter.java:116)
	at org.apache.catalina.core.ApplicationFilterChain.internalDoFilter(ApplicationFilterChain.java:162)
	at org.apache.catalina.core.ApplicationFilterChain.doFilter(ApplicationFilterChain.java:138)
	at org.springframework.web.filter.CharacterEncodingFilter.doFilterInternal(CharacterEncodingFilter.java:201)
	at org.springframework.web.filter.OncePerRequestFilter.doFilter(OncePerRequestFilter.java:116)
	at org.apache.catalina.core.ApplicationFilterChain.internalDoFilter(ApplicationFilterChain.java:162)
	at org.apache.catalina.core.ApplicationFilterChain.doFilter(ApplicationFilterChain.java:138)
	at org.apache.catalina.core.StandardWrapperValve.invoke(StandardWrapperValve.java:165)
	at org.apache.catalina.core.StandardContextValve.invoke(StandardContextValve.java:88)
	at org.apache.catalina.authenticator.AuthenticatorBase.invoke(AuthenticatorBase.java:492)
	at org.apache.catalina.core.StandardHostValve.invoke(StandardHostValve.java:113)
	at org.apache.catalina.valves.ErrorReportValve.invoke(ErrorReportValve.java:83)
	at org.apache.catalina.core.StandardEngineValve.invoke(StandardEngineValve.java:72)
	at org.apache.catalina.connector.CoyoteAdapter.service(CoyoteAdapter.java:342)
	at org.apache.coyote.http11.Http11Processor.service(Http11Processor.java:399)
	at org.apache.coyote.AbstractProcessorLight.process(AbstractProcessorLight.java:63)
	at org.apache.coyote.AbstractProtocol$ConnectionHandler.process(AbstractProtocol.java:1272)
	at org.apache.tomcat.util.net.NioEndpoint$SocketProcessor.doRun(NioEndpoint.java:1797)
	at org.apache.tomcat.util.net.SocketProcessorBase.run(SocketProcessorBase.java:52)
	at org.apache.tomcat.util.threads.ThreadPoolExecutor.runWorker(ThreadPoolExecutor.java:973)
	at org.apache.tomcat.util.threads.ThreadPoolExecutor$Worker.run(ThreadPoolExecutor.java:491)
	at org.apache.tomcat.util.threads.TaskThread$WrappingRunnable.run(TaskThread.java:63)
	at java.base/java.lang.Thread.run(Thread.java:842)
2026-08-14 22:47:50.886 WARN  [http-nio-8081-exec-6][c8c2256f7c524f08ba1790652584ff6b][userId=9] c.r.smartrecruit.exception.GlobalExceptionHandler - 业务异常：岗位不存在
2026-08-14 22:47:50.890 INFO  [http-nio-8081-exec-6][c8c2256f7c524f08ba1790652584ff6b][userId=] c.recruit.smartrecruit.filter.RequestTraceFilter - 请求结束 method=PUT uri=/job status=200 cost=34ms
2026-08-14 22:47:57.230 INFO  [http-nio-8081-exec-7][aad4e6179980403f82ea08e51a6480e9][userId=] c.recruit.smartrecruit.filter.RequestTraceFilter - 请求开始 method=GET uri=/job/7
2026-08-14 22:47:57.232 INFO  [http-nio-8081-exec-7][aad4e6179980403f82ea08e51a6480e9][userId=9] c.recruit.smartrecruit.aspect.OperationLogAspect - 操作开始 operation=查询岗位详情
2026-08-14 22:47:57.235 INFO  [http-nio-8081-exec-7][aad4e6179980403f82ea08e51a6480e9][userId=9] c.recruit.smartrecruit.aspect.OperationLogAspect - 操作成功 operation=查询岗位详情 cost=3ms
2026-08-14 22:47:57.235 INFO  [http-nio-8081-exec-7][aad4e6179980403f82ea08e51a6480e9][userId=] c.recruit.smartrecruit.filter.RequestTraceFilter - 请求结束 method=GET uri=/job/7 status=200 cost=5ms
2026-08-14 22:48:04.502 INFO  [http-nio-8081-exec-8][52dcc115cb82404d87e2ca6f0c78720e][userId=] c.recruit.smartrecruit.filter.RequestTraceFilter - 请求开始 method=DELETE uri=/job/7
2026-08-14 22:48:04.505 INFO  [http-nio-8081-exec-8][52dcc115cb82404d87e2ca6f0c78720e][userId=9] c.recruit.smartrecruit.aspect.OperationLogAspect - 操作开始 operation=删除岗位
2026-08-14 22:48:04.507 DEBUG [http-nio-8081-exec-8][52dcc115cb82404d87e2ca6f0c78720e][userId=9] c.recruit.smartrecruit.mapper.UserMapper.findById - ==>  Preparing: SELECT id, username, password, nickname, email, phone, role, create_time FROM sys_user WHERE id = ?
2026-08-14 22:48:04.510 DEBUG [http-nio-8081-exec-8][52dcc115cb82404d87e2ca6f0c78720e][userId=9] c.recruit.smartrecruit.mapper.UserMapper.findById - ==> Parameters: 9(Long)
2026-08-14 22:48:04.512 DEBUG [http-nio-8081-exec-8][52dcc115cb82404d87e2ca6f0c78720e][userId=9] c.recruit.smartrecruit.mapper.UserMapper.findById - <==      Total: 1
2026-08-14 22:48:04.513 DEBUG [http-nio-8081-exec-8][52dcc115cb82404d87e2ca6f0c78720e][userId=9] c.r.smartrecruit.mapper.CompanyMapper.findByUserId - ==>  Preparing: SELECT * FROM COMPANY WHERE user_id=?
2026-08-14 22:48:04.514 DEBUG [http-nio-8081-exec-8][52dcc115cb82404d87e2ca6f0c78720e][userId=9] c.r.smartrecruit.mapper.CompanyMapper.findByUserId - ==> Parameters: 9(Long)
2026-08-14 22:48:04.516 DEBUG [http-nio-8081-exec-8][52dcc115cb82404d87e2ca6f0c78720e][userId=9] c.r.smartrecruit.mapper.CompanyMapper.findByUserId - <==      Total: 1
2026-08-14 22:48:04.517 DEBUG [http-nio-8081-exec-8][52dcc115cb82404d87e2ca6f0c78720e][userId=9] c.recruit.smartrecruit.mapper.JobMapper.findById - ==>  Preparing: SELECT * FROM job WHERE id=?;
2026-08-14 22:48:04.517 DEBUG [http-nio-8081-exec-8][52dcc115cb82404d87e2ca6f0c78720e][userId=9] c.recruit.smartrecruit.mapper.JobMapper.findById - ==> Parameters: 7(Long)
2026-08-14 22:48:04.519 DEBUG [http-nio-8081-exec-8][52dcc115cb82404d87e2ca6f0c78720e][userId=9] c.recruit.smartrecruit.mapper.JobMapper.findById - <==      Total: 1
2026-08-14 22:48:04.520 DEBUG [http-nio-8081-exec-8][52dcc115cb82404d87e2ca6f0c78720e][userId=9] com.recruit.smartrecruit.mapper.JobMapper.delete - ==>  Preparing: DELETE FROM job WHERE id=?
2026-08-14 22:48:04.520 DEBUG [http-nio-8081-exec-8][52dcc115cb82404d87e2ca6f0c78720e][userId=9] com.recruit.smartrecruit.mapper.JobMapper.delete - ==> Parameters: 7(Long)
2026-08-14 22:48:04.527 DEBUG [http-nio-8081-exec-8][52dcc115cb82404d87e2ca6f0c78720e][userId=9] com.recruit.smartrecruit.mapper.JobMapper.delete - <==    Updates: 1
2026-08-14 22:48:04.530 INFO  [http-nio-8081-exec-8][52dcc115cb82404d87e2ca6f0c78720e][userId=9] c.recruit.smartrecruit.aspect.OperationLogAspect - 操作成功 operation=删除岗位 cost=25ms
2026-08-14 22:48:04.531 INFO  [http-nio-8081-exec-8][52dcc115cb82404d87e2ca6f0c78720e][userId=] c.recruit.smartrecruit.filter.RequestTraceFilter - 请求结束 method=DELETE uri=/job/7 status=200 cost=29ms
2026-08-14 22:48:08.366 INFO  [http-nio-8081-exec-10][8cc30226220a4a1b870b8f6a9ea128e9][userId=] c.recruit.smartrecruit.filter.RequestTraceFilter - 请求开始 method=GET uri=/job/7
2026-08-14 22:48:08.369 INFO  [http-nio-8081-exec-10][8cc30226220a4a1b870b8f6a9ea128e9][userId=9] c.recruit.smartrecruit.aspect.OperationLogAspect - 操作开始 operation=查询岗位详情
2026-08-14 22:48:08.371 DEBUG [http-nio-8081-exec-10][8cc30226220a4a1b870b8f6a9ea128e9][userId=9] c.recruit.smartrecruit.mapper.JobMapper.findById - ==>  Preparing: SELECT * FROM job WHERE id=?;
2026-08-14 22:48:08.371 DEBUG [http-nio-8081-exec-10][8cc30226220a4a1b870b8f6a9ea128e9][userId=9] c.recruit.smartrecruit.mapper.JobMapper.findById - ==> Parameters: 7(Long)
2026-08-14 22:48:08.372 DEBUG [http-nio-8081-exec-10][8cc30226220a4a1b870b8f6a9ea128e9][userId=9] c.recruit.smartrecruit.mapper.JobMapper.findById - <==      Total: 0
2026-08-14 22:48:08.373 ERROR [http-nio-8081-exec-10][8cc30226220a4a1b870b8f6a9ea128e9][userId=9] c.recruit.smartrecruit.aspect.OperationLogAspect - 操作异常 operation=查询岗位详情 cost=4ms
com.recruit.smartrecruit.exception.BusinessException: 岗位不存在
	at com.recruit.smartrecruit.service.impl.JobServiceImpl.findById(JobServiceImpl.java:55)
	at com.recruit.smartrecruit.controller.JobController.infoJob(JobController.java:47)
	at java.base/jdk.internal.reflect.NativeMethodAccessorImpl.invoke0(Native Method)
	at java.base/jdk.internal.reflect.NativeMethodAccessorImpl.invoke(NativeMethodAccessorImpl.java:77)
	at java.base/jdk.internal.reflect.DelegatingMethodAccessorImpl.invoke(DelegatingMethodAccessorImpl.java:43)
	at java.base/java.lang.reflect.Method.invoke(Method.java:568)
	at org.springframework.aop.support.AopUtils.invokeJoinpointUsingReflection(AopUtils.java:360)
	at org.springframework.aop.framework.ReflectiveMethodInvocation.invokeJoinpoint(ReflectiveMethodInvocation.java:196)
	at org.springframework.aop.framework.ReflectiveMethodInvocation.proceed(ReflectiveMethodInvocation.java:163)
	at org.springframework.aop.aspectj.MethodInvocationProceedingJoinPoint.proceed(MethodInvocationProceedingJoinPoint.java:89)
	at com.recruit.smartrecruit.aspect.OperationLogAspect.operationLog(OperationLogAspect.java:40)
	at java.base/jdk.internal.reflect.NativeMethodAccessorImpl.invoke0(Native Method)
	at java.base/jdk.internal.reflect.NativeMethodAccessorImpl.invoke(NativeMethodAccessorImpl.java:77)
	at java.base/jdk.internal.reflect.DelegatingMethodAccessorImpl.invoke(DelegatingMethodAccessorImpl.java:43)
	at java.base/java.lang.reflect.Method.invoke(Method.java:568)
	at org.springframework.aop.aspectj.AbstractAspectJAdvice.invokeAdviceMethodWithGivenArgs(AbstractAspectJAdvice.java:649)
	at org.springframework.aop.aspectj.AbstractAspectJAdvice.invokeAdviceMethod(AbstractAspectJAdvice.java:631)
	at org.springframework.aop.aspectj.AspectJAroundAdvice.invoke(AspectJAroundAdvice.java:71)
	at org.springframework.aop.framework.ReflectiveMethodInvocation.proceed(ReflectiveMethodInvocation.java:173)
	at org.springframework.aop.interceptor.ExposeInvocationInterceptor.invoke(ExposeInvocationInterceptor.java:97)
	at org.springframework.aop.framework.ReflectiveMethodInvocation.proceed(ReflectiveMethodInvocation.java:184)
	at org.springframework.aop.framework.CglibAopProxy$DynamicAdvisedInterceptor.intercept(CglibAopProxy.java:728)
	at com.recruit.smartrecruit.controller.JobController$$SpringCGLIB$$0.infoJob(<generated>)
	at java.base/jdk.internal.reflect.NativeMethodAccessorImpl.invoke0(Native Method)
	at java.base/jdk.internal.reflect.NativeMethodAccessorImpl.invoke(NativeMethodAccessorImpl.java:77)
	at java.base/jdk.internal.reflect.DelegatingMethodAccessorImpl.invoke(DelegatingMethodAccessorImpl.java:43)
	at java.base/java.lang.reflect.Method.invoke(Method.java:568)
	at org.springframework.web.method.support.InvocableHandlerMethod.doInvoke(InvocableHandlerMethod.java:258)
	at org.springframework.web.method.support.InvocableHandlerMethod.invokeForRequest(InvocableHandlerMethod.java:191)
	at org.springframework.web.servlet.mvc.method.annotation.ServletInvocableHandlerMethod.invokeAndHandle(ServletInvocableHandlerMethod.java:118)
	at org.springframework.web.servlet.mvc.method.annotation.RequestMappingHandlerAdapter.invokeHandlerMethod(RequestMappingHandlerAdapter.java:991)
	at org.springframework.web.servlet.mvc.method.annotation.RequestMappingHandlerAdapter.handleInternal(RequestMappingHandlerAdapter.java:896)
	at org.springframework.web.servlet.mvc.method.AbstractHandlerMethodAdapter.handle(AbstractHandlerMethodAdapter.java:87)
	at org.springframework.web.servlet.DispatcherServlet.doDispatch(DispatcherServlet.java:1089)
	at org.springframework.web.servlet.DispatcherServlet.doService(DispatcherServlet.java:979)
	at org.springframework.web.servlet.FrameworkServlet.processRequest(FrameworkServlet.java:1014)
	at org.springframework.web.servlet.FrameworkServlet.doGet(FrameworkServlet.java:903)
	at jakarta.servlet.http.HttpServlet.service(HttpServlet.java:564)
	at org.springframework.web.servlet.FrameworkServlet.service(FrameworkServlet.java:885)
	at jakarta.servlet.http.HttpServlet.service(HttpServlet.java:658)
	at org.apache.catalina.core.ApplicationFilterChain.internalDoFilter(ApplicationFilterChain.java:193)
	at org.apache.catalina.core.ApplicationFilterChain.doFilter(ApplicationFilterChain.java:138)
	at org.apache.tomcat.websocket.server.WsFilter.doFilter(WsFilter.java:51)
	at org.apache.catalina.core.ApplicationFilterChain.internalDoFilter(ApplicationFilterChain.java:162)
	at org.apache.catalina.core.ApplicationFilterChain.doFilter(ApplicationFilterChain.java:138)
	at com.recruit.smartrecruit.filter.RequestTraceFilter.doFilterInternal(RequestTraceFilter.java:48)
	at org.springframework.web.filter.OncePerRequestFilter.doFilter(OncePerRequestFilter.java:116)
	at org.apache.catalina.core.ApplicationFilterChain.internalDoFilter(ApplicationFilterChain.java:162)
	at org.apache.catalina.core.ApplicationFilterChain.doFilter(ApplicationFilterChain.java:138)
	at org.springframework.web.filter.RequestContextFilter.doFilterInternal(RequestContextFilter.java:100)
	at org.springframework.web.filter.OncePerRequestFilter.doFilter(OncePerRequestFilter.java:116)
	at org.apache.catalina.core.ApplicationFilterChain.internalDoFilter(ApplicationFilterChain.java:162)
	at org.apache.catalina.core.ApplicationFilterChain.doFilter(ApplicationFilterChain.java:138)
	at org.springframework.web.filter.FormContentFilter.doFilterInternal(FormContentFilter.java:93)
	at org.springframework.web.filter.OncePerRequestFilter.doFilter(OncePerRequestFilter.java:116)
	at org.apache.catalina.core.ApplicationFilterChain.internalDoFilter(ApplicationFilterChain.java:162)
	at org.apache.catalina.core.ApplicationFilterChain.doFilter(ApplicationFilterChain.java:138)
	at org.springframework.web.filter.CharacterEncodingFilter.doFilterInternal(CharacterEncodingFilter.java:201)
	at org.springframework.web.filter.OncePerRequestFilter.doFilter(OncePerRequestFilter.java:116)
	at org.apache.catalina.core.ApplicationFilterChain.internalDoFilter(ApplicationFilterChain.java:162)
	at org.apache.catalina.core.ApplicationFilterChain.doFilter(ApplicationFilterChain.java:138)
	at org.apache.catalina.core.StandardWrapperValve.invoke(StandardWrapperValve.java:165)
	at org.apache.catalina.core.StandardContextValve.invoke(StandardContextValve.java:88)
	at org.apache.catalina.authenticator.AuthenticatorBase.invoke(AuthenticatorBase.java:492)
	at org.apache.catalina.core.StandardHostValve.invoke(StandardHostValve.java:113)
	at org.apache.catalina.valves.ErrorReportValve.invoke(ErrorReportValve.java:83)
	at org.apache.catalina.core.StandardEngineValve.invoke(StandardEngineValve.java:72)
	at org.apache.catalina.connector.CoyoteAdapter.service(CoyoteAdapter.java:342)
	at org.apache.coyote.http11.Http11Processor.service(Http11Processor.java:399)
	at org.apache.coyote.AbstractProcessorLight.process(AbstractProcessorLight.java:63)
	at org.apache.coyote.AbstractProtocol$ConnectionHandler.process(AbstractProtocol.java:1272)
	at org.apache.tomcat.util.net.NioEndpoint$SocketProcessor.doRun(NioEndpoint.java:1797)
	at org.apache.tomcat.util.net.SocketProcessorBase.run(SocketProcessorBase.java:52)
	at org.apache.tomcat.util.threads.ThreadPoolExecutor.runWorker(ThreadPoolExecutor.java:973)
	at org.apache.tomcat.util.threads.ThreadPoolExecutor$Worker.run(ThreadPoolExecutor.java:491)
	at org.apache.tomcat.util.threads.TaskThread$WrappingRunnable.run(TaskThread.java:63)
	at java.base/java.lang.Thread.run(Thread.java:842)
2026-08-14 22:48:08.376 WARN  [http-nio-8081-exec-10][8cc30226220a4a1b870b8f6a9ea128e9][userId=9] c.r.smartrecruit.exception.GlobalExceptionHandler - 业务异常：岗位不存在
2026-08-14 22:48:08.379 INFO  [http-nio-8081-exec-10][8cc30226220a4a1b870b8f6a9ea128e9][userId=] c.recruit.smartrecruit.filter.RequestTraceFilter - 请求结束 method=GET uri=/job/7 status=200 cost=13ms
2026-08-14 22:50:38.605 INFO  [http-nio-8081-exec-3][2f5ca45432f64eb28340e6ce65161083][userId=] c.recruit.smartrecruit.filter.RequestTraceFilter - 请求开始 method=POST uri=/job
2026-08-14 22:50:38.607 INFO  [http-nio-8081-exec-3][2f5ca45432f64eb28340e6ce65161083][userId=9] c.recruit.smartrecruit.aspect.OperationLogAspect - 操作开始 operation=发布岗位
2026-08-14 22:50:38.609 DEBUG [http-nio-8081-exec-3][2f5ca45432f64eb28340e6ce65161083][userId=9] c.recruit.smartrecruit.mapper.UserMapper.findById - ==>  Preparing: SELECT id, username, password, nickname, email, phone, role, create_time FROM sys_user WHERE id = ?
2026-08-14 22:50:38.609 DEBUG [http-nio-8081-exec-3][2f5ca45432f64eb28340e6ce65161083][userId=9] c.recruit.smartrecruit.mapper.UserMapper.findById - ==> Parameters: 9(Long)
2026-08-14 22:50:38.611 DEBUG [http-nio-8081-exec-3][2f5ca45432f64eb28340e6ce65161083][userId=9] c.recruit.smartrecruit.mapper.UserMapper.findById - <==      Total: 1
2026-08-14 22:50:38.612 DEBUG [http-nio-8081-exec-3][2f5ca45432f64eb28340e6ce65161083][userId=9] c.r.smartrecruit.mapper.CompanyMapper.findByUserId - ==>  Preparing: SELECT * FROM COMPANY WHERE user_id=?
2026-08-14 22:50:38.613 DEBUG [http-nio-8081-exec-3][2f5ca45432f64eb28340e6ce65161083][userId=9] c.r.smartrecruit.mapper.CompanyMapper.findByUserId - ==> Parameters: 9(Long)
2026-08-14 22:50:38.615 DEBUG [http-nio-8081-exec-3][2f5ca45432f64eb28340e6ce65161083][userId=9] c.r.smartrecruit.mapper.CompanyMapper.findByUserId - <==      Total: 1
2026-08-14 22:50:38.616 DEBUG [http-nio-8081-exec-3][2f5ca45432f64eb28340e6ce65161083][userId=9] com.recruit.smartrecruit.mapper.JobMapper.add - ==>  Preparing: INSERT INTO job ( company_id, title, description, salary_min, salary_max, city, experience, education, status )VALUES ( ?, ?, ?, ?, ?, ?, ?, ?, ? )
2026-08-14 22:50:38.618 DEBUG [http-nio-8081-exec-3][2f5ca45432f64eb28340e6ce65161083][userId=9] com.recruit.smartrecruit.mapper.JobMapper.add - ==> Parameters: 8(Long), Java全栈开发工程师(String), 负责Java业务开发和系统维护(String), 8000(Integer), 15000(Integer), 深圳(String), 应届生(String), 本科(String), 1(Integer)
2026-08-14 22:50:38.669 DEBUG [http-nio-8081-exec-3][2f5ca45432f64eb28340e6ce65161083][userId=9] com.recruit.smartrecruit.mapper.JobMapper.add - <==    Updates: 1
2026-08-14 22:50:38.670 INFO  [http-nio-8081-exec-3][2f5ca45432f64eb28340e6ce65161083][userId=9] c.recruit.smartrecruit.aspect.OperationLogAspect - 操作成功 operation=发布岗位 cost=63ms
2026-08-14 22:50:38.671 INFO  [http-nio-8081-exec-3][2f5ca45432f64eb28340e6ce65161083][userId=] c.recruit.smartrecruit.filter.RequestTraceFilter - 请求结束 method=POST uri=/job status=200 cost=66ms
2026-08-14 22:50:47.115 INFO  [http-nio-8081-exec-4][cfa8de19a1954ea8bd6c040b3dcd6a71][userId=] c.recruit.smartrecruit.filter.RequestTraceFilter - 请求开始 method=GET uri=/job/8
2026-08-14 22:50:47.120 INFO  [http-nio-8081-exec-4][cfa8de19a1954ea8bd6c040b3dcd6a71][userId=9] c.recruit.smartrecruit.aspect.OperationLogAspect - 操作开始 operation=查询岗位详情
2026-08-14 22:50:47.123 DEBUG [http-nio-8081-exec-4][cfa8de19a1954ea8bd6c040b3dcd6a71][userId=9] c.recruit.smartrecruit.mapper.JobMapper.findById - ==>  Preparing: SELECT * FROM job WHERE id=?;
2026-08-14 22:50:47.124 DEBUG [http-nio-8081-exec-4][cfa8de19a1954ea8bd6c040b3dcd6a71][userId=9] c.recruit.smartrecruit.mapper.JobMapper.findById - ==> Parameters: 8(Long)
2026-08-14 22:50:47.127 DEBUG [http-nio-8081-exec-4][cfa8de19a1954ea8bd6c040b3dcd6a71][userId=9] c.recruit.smartrecruit.mapper.JobMapper.findById - <==      Total: 1
2026-08-14 22:50:47.128 INFO  [http-nio-8081-exec-4][cfa8de19a1954ea8bd6c040b3dcd6a71][userId=9] c.recruit.smartrecruit.aspect.OperationLogAspect - 操作成功 operation=查询岗位详情 cost=8ms
2026-08-14 22:50:47.130 INFO  [http-nio-8081-exec-4][cfa8de19a1954ea8bd6c040b3dcd6a71][userId=] c.recruit.smartrecruit.filter.RequestTraceFilter - 请求结束 method=GET uri=/job/8 status=200 cost=15ms
2026-08-14 22:50:48.131 INFO  [http-nio-8081-exec-5][51280bc91c5e423d94ab7cac2bed2afc][userId=] c.recruit.smartrecruit.filter.RequestTraceFilter - 请求开始 method=GET uri=/job/8
2026-08-14 22:50:48.133 INFO  [http-nio-8081-exec-5][51280bc91c5e423d94ab7cac2bed2afc][userId=9] c.recruit.smartrecruit.aspect.OperationLogAspect - 操作开始 operation=查询岗位详情
2026-08-14 22:50:48.135 INFO  [http-nio-8081-exec-5][51280bc91c5e423d94ab7cac2bed2afc][userId=9] c.recruit.smartrecruit.aspect.OperationLogAspect - 操作成功 operation=查询岗位详情 cost=2ms
2026-08-14 22:50:48.136 INFO  [http-nio-8081-exec-5][51280bc91c5e423d94ab7cac2bed2afc][userId=] c.recruit.smartrecruit.filter.RequestTraceFilter - 请求结束 method=GET uri=/job/8 status=200 cost=5ms
2026-08-14 22:50:54.753 INFO  [http-nio-8081-exec-9][72c199e9e1144aa38768e1f906b4f803][userId=] c.recruit.smartrecruit.filter.RequestTraceFilter - 请求开始 method=PUT uri=/job
2026-08-14 22:50:54.756 INFO  [http-nio-8081-exec-9][72c199e9e1144aa38768e1f906b4f803][userId=9] c.recruit.smartrecruit.aspect.OperationLogAspect - 操作开始 operation=修改岗位信息
2026-08-14 22:50:54.757 DEBUG [http-nio-8081-exec-9][72c199e9e1144aa38768e1f906b4f803][userId=9] c.recruit.smartrecruit.mapper.UserMapper.findById - ==>  Preparing: SELECT id, username, password, nickname, email, phone, role, create_time FROM sys_user WHERE id = ?
2026-08-14 22:50:54.757 DEBUG [http-nio-8081-exec-9][72c199e9e1144aa38768e1f906b4f803][userId=9] c.recruit.smartrecruit.mapper.UserMapper.findById - ==> Parameters: 9(Long)
2026-08-14 22:50:54.760 DEBUG [http-nio-8081-exec-9][72c199e9e1144aa38768e1f906b4f803][userId=9] c.recruit.smartrecruit.mapper.UserMapper.findById - <==      Total: 1
2026-08-14 22:50:54.762 DEBUG [http-nio-8081-exec-9][72c199e9e1144aa38768e1f906b4f803][userId=9] c.r.smartrecruit.mapper.CompanyMapper.findByUserId - ==>  Preparing: SELECT * FROM COMPANY WHERE user_id=?
2026-08-14 22:50:54.762 DEBUG [http-nio-8081-exec-9][72c199e9e1144aa38768e1f906b4f803][userId=9] c.r.smartrecruit.mapper.CompanyMapper.findByUserId - ==> Parameters: 9(Long)
2026-08-14 22:50:54.764 DEBUG [http-nio-8081-exec-9][72c199e9e1144aa38768e1f906b4f803][userId=9] c.r.smartrecruit.mapper.CompanyMapper.findByUserId - <==      Total: 1
2026-08-14 22:50:54.764 DEBUG [http-nio-8081-exec-9][72c199e9e1144aa38768e1f906b4f803][userId=9] c.recruit.smartrecruit.mapper.JobMapper.findById - ==>  Preparing: SELECT * FROM job WHERE id=?;
2026-08-14 22:50:54.766 DEBUG [http-nio-8081-exec-9][72c199e9e1144aa38768e1f906b4f803][userId=9] c.recruit.smartrecruit.mapper.JobMapper.findById - ==> Parameters: 8(Long)
2026-08-14 22:50:54.768 DEBUG [http-nio-8081-exec-9][72c199e9e1144aa38768e1f906b4f803][userId=9] c.recruit.smartrecruit.mapper.JobMapper.findById - <==      Total: 1
2026-08-14 22:50:54.769 DEBUG [http-nio-8081-exec-9][72c199e9e1144aa38768e1f906b4f803][userId=9] com.recruit.smartrecruit.mapper.JobMapper.update - ==>  Preparing: UPDATE job SET title=?, description=?, salary_min=?, salary_max=?, city=?, experience=?, education= ?, status=? WHERE id=?;
2026-08-14 22:50:54.771 DEBUG [http-nio-8081-exec-9][72c199e9e1144aa38768e1f906b4f803][userId=9] com.recruit.smartrecruit.mapper.JobMapper.update - ==> Parameters: agent开发1(String), agent开发落地(String), 7000(Integer), 16000(Integer), 深圳(String), 应届生(String), 本科(String), 0(Integer), 8(Long)
2026-08-14 22:50:54.802 DEBUG [http-nio-8081-exec-9][72c199e9e1144aa38768e1f906b4f803][userId=9] com.recruit.smartrecruit.mapper.JobMapper.update - <==    Updates: 1
2026-08-14 22:50:54.804 INFO  [http-nio-8081-exec-9][72c199e9e1144aa38768e1f906b4f803][userId=9] c.recruit.smartrecruit.aspect.OperationLogAspect - 操作成功 operation=修改岗位信息 cost=48ms
2026-08-14 22:50:54.806 INFO  [http-nio-8081-exec-9][72c199e9e1144aa38768e1f906b4f803][userId=] c.recruit.smartrecruit.filter.RequestTraceFilter - 请求结束 method=PUT uri=/job status=200 cost=53ms
2026-08-14 22:51:03.071 INFO  [http-nio-8081-exec-6][593c49a5194b4893bb0d2e0adbbb2f24][userId=] c.recruit.smartrecruit.filter.RequestTraceFilter - 请求开始 method=GET uri=/job/8
2026-08-14 22:51:03.071 INFO  [http-nio-8081-exec-6][593c49a5194b4893bb0d2e0adbbb2f24][userId=9] c.recruit.smartrecruit.aspect.OperationLogAspect - 操作开始 operation=查询岗位详情
2026-08-14 22:51:03.076 DEBUG [http-nio-8081-exec-6][593c49a5194b4893bb0d2e0adbbb2f24][userId=9] c.recruit.smartrecruit.mapper.JobMapper.findById - ==>  Preparing: SELECT * FROM job WHERE id=?;
2026-08-14 22:51:03.076 DEBUG [http-nio-8081-exec-6][593c49a5194b4893bb0d2e0adbbb2f24][userId=9] c.recruit.smartrecruit.mapper.JobMapper.findById - ==> Parameters: 8(Long)
2026-08-14 22:51:03.078 DEBUG [http-nio-8081-exec-6][593c49a5194b4893bb0d2e0adbbb2f24][userId=9] c.recruit.smartrecruit.mapper.JobMapper.findById - <==      Total: 1
2026-08-14 22:51:03.080 INFO  [http-nio-8081-exec-6][593c49a5194b4893bb0d2e0adbbb2f24][userId=9] c.recruit.smartrecruit.aspect.OperationLogAspect - 操作成功 operation=查询岗位详情 cost=9ms
2026-08-14 22:51:03.082 INFO  [http-nio-8081-exec-6][593c49a5194b4893bb0d2e0adbbb2f24][userId=] c.recruit.smartrecruit.filter.RequestTraceFilter - 请求结束 method=GET uri=/job/8 status=200 cost=11ms
2026-08-14 22:51:09.335 INFO  [http-nio-8081-exec-7][2aacb39e17c74944a5ab2e542d53663f][userId=] c.recruit.smartrecruit.filter.RequestTraceFilter - 请求开始 method=DELETE uri=/job/8
2026-08-14 22:51:09.337 INFO  [http-nio-8081-exec-7][2aacb39e17c74944a5ab2e542d53663f][userId=9] c.recruit.smartrecruit.aspect.OperationLogAspect - 操作开始 operation=删除岗位
2026-08-14 22:51:09.338 DEBUG [http-nio-8081-exec-7][2aacb39e17c74944a5ab2e542d53663f][userId=9] c.recruit.smartrecruit.mapper.UserMapper.findById - ==>  Preparing: SELECT id, username, password, nickname, email, phone, role, create_time FROM sys_user WHERE id = ?
2026-08-14 22:51:09.338 DEBUG [http-nio-8081-exec-7][2aacb39e17c74944a5ab2e542d53663f][userId=9] c.recruit.smartrecruit.mapper.UserMapper.findById - ==> Parameters: 9(Long)
2026-08-14 22:51:09.340 DEBUG [http-nio-8081-exec-7][2aacb39e17c74944a5ab2e542d53663f][userId=9] c.recruit.smartrecruit.mapper.UserMapper.findById - <==      Total: 1
2026-08-14 22:51:09.342 DEBUG [http-nio-8081-exec-7][2aacb39e17c74944a5ab2e542d53663f][userId=9] c.r.smartrecruit.mapper.CompanyMapper.findByUserId - ==>  Preparing: SELECT * FROM COMPANY WHERE user_id=?
2026-08-14 22:51:09.342 DEBUG [http-nio-8081-exec-7][2aacb39e17c74944a5ab2e542d53663f][userId=9] c.r.smartrecruit.mapper.CompanyMapper.findByUserId - ==> Parameters: 9(Long)
2026-08-14 22:51:09.344 DEBUG [http-nio-8081-exec-7][2aacb39e17c74944a5ab2e542d53663f][userId=9] c.r.smartrecruit.mapper.CompanyMapper.findByUserId - <==      Total: 1
2026-08-14 22:51:09.345 DEBUG [http-nio-8081-exec-7][2aacb39e17c74944a5ab2e542d53663f][userId=9] c.recruit.smartrecruit.mapper.JobMapper.findById - ==>  Preparing: SELECT * FROM job WHERE id=?;
2026-08-14 22:51:09.345 DEBUG [http-nio-8081-exec-7][2aacb39e17c74944a5ab2e542d53663f][userId=9] c.recruit.smartrecruit.mapper.JobMapper.findById - ==> Parameters: 8(Long)
2026-08-14 22:51:09.346 DEBUG [http-nio-8081-exec-7][2aacb39e17c74944a5ab2e542d53663f][userId=9] c.recruit.smartrecruit.mapper.JobMapper.findById - <==      Total: 1
2026-08-14 22:51:09.346 DEBUG [http-nio-8081-exec-7][2aacb39e17c74944a5ab2e542d53663f][userId=9] com.recruit.smartrecruit.mapper.JobMapper.delete - ==>  Preparing: DELETE FROM job WHERE id=?
2026-08-14 22:51:09.349 DEBUG [http-nio-8081-exec-7][2aacb39e17c74944a5ab2e542d53663f][userId=9] com.recruit.smartrecruit.mapper.JobMapper.delete - ==> Parameters: 8(Long)
2026-08-14 22:51:09.374 DEBUG [http-nio-8081-exec-7][2aacb39e17c74944a5ab2e542d53663f][userId=9] com.recruit.smartrecruit.mapper.JobMapper.delete - <==    Updates: 1
2026-08-14 22:51:09.376 INFO  [http-nio-8081-exec-7][2aacb39e17c74944a5ab2e542d53663f][userId=9] c.recruit.smartrecruit.aspect.OperationLogAspect - 操作成功 operation=删除岗位 cost=39ms
2026-08-14 22:51:09.378 INFO  [http-nio-8081-exec-7][2aacb39e17c74944a5ab2e542d53663f][userId=] c.recruit.smartrecruit.filter.RequestTraceFilter - 请求结束 method=DELETE uri=/job/8 status=200 cost=43ms
2026-08-14 22:51:12.703 INFO  [http-nio-8081-exec-8][3269aa74f9c648e3b3cfcbaab020935f][userId=] c.recruit.smartrecruit.filter.RequestTraceFilter - 请求开始 method=GET uri=/job/8
2026-08-14 22:51:12.706 INFO  [http-nio-8081-exec-8][3269aa74f9c648e3b3cfcbaab020935f][userId=9] c.recruit.smartrecruit.aspect.OperationLogAspect - 操作开始 operation=查询岗位详情
2026-08-14 22:51:12.708 DEBUG [http-nio-8081-exec-8][3269aa74f9c648e3b3cfcbaab020935f][userId=9] c.recruit.smartrecruit.mapper.JobMapper.findById - ==>  Preparing: SELECT * FROM job WHERE id=?;
2026-08-14 22:51:12.709 DEBUG [http-nio-8081-exec-8][3269aa74f9c648e3b3cfcbaab020935f][userId=9] c.recruit.smartrecruit.mapper.JobMapper.findById - ==> Parameters: 8(Long)
2026-08-14 22:51:12.710 DEBUG [http-nio-8081-exec-8][3269aa74f9c648e3b3cfcbaab020935f][userId=9] c.recruit.smartrecruit.mapper.JobMapper.findById - <==      Total: 0
2026-08-14 22:51:12.710 ERROR [http-nio-8081-exec-8][3269aa74f9c648e3b3cfcbaab020935f][userId=9] c.recruit.smartrecruit.aspect.OperationLogAspect - 操作异常 operation=查询岗位详情 cost=4ms
com.recruit.smartrecruit.exception.BusinessException: 岗位不存在
	at com.recruit.smartrecruit.service.impl.JobServiceImpl.findById(JobServiceImpl.java:55)
	at com.recruit.smartrecruit.controller.JobController.infoJob(JobController.java:47)
	at java.base/jdk.internal.reflect.NativeMethodAccessorImpl.invoke0(Native Method)
	at java.base/jdk.internal.reflect.NativeMethodAccessorImpl.invoke(NativeMethodAccessorImpl.java:77)
	at java.base/jdk.internal.reflect.DelegatingMethodAccessorImpl.invoke(DelegatingMethodAccessorImpl.java:43)
	at java.base/java.lang.reflect.Method.invoke(Method.java:568)
	at org.springframework.aop.support.AopUtils.invokeJoinpointUsingReflection(AopUtils.java:360)
	at org.springframework.aop.framework.ReflectiveMethodInvocation.invokeJoinpoint(ReflectiveMethodInvocation.java:196)
	at org.springframework.aop.framework.ReflectiveMethodInvocation.proceed(ReflectiveMethodInvocation.java:163)
	at org.springframework.aop.aspectj.MethodInvocationProceedingJoinPoint.proceed(MethodInvocationProceedingJoinPoint.java:89)
	at com.recruit.smartrecruit.aspect.OperationLogAspect.operationLog(OperationLogAspect.java:40)
	at java.base/jdk.internal.reflect.NativeMethodAccessorImpl.invoke0(Native Method)
	at java.base/jdk.internal.reflect.NativeMethodAccessorImpl.invoke(NativeMethodAccessorImpl.java:77)
	at java.base/jdk.internal.reflect.DelegatingMethodAccessorImpl.invoke(DelegatingMethodAccessorImpl.java:43)
	at java.base/java.lang.reflect.Method.invoke(Method.java:568)
	at org.springframework.aop.aspectj.AbstractAspectJAdvice.invokeAdviceMethodWithGivenArgs(AbstractAspectJAdvice.java:649)
	at org.springframework.aop.aspectj.AbstractAspectJAdvice.invokeAdviceMethod(AbstractAspectJAdvice.java:631)
	at org.springframework.aop.aspectj.AspectJAroundAdvice.invoke(AspectJAroundAdvice.java:71)
	at org.springframework.aop.framework.ReflectiveMethodInvocation.proceed(ReflectiveMethodInvocation.java:173)
	at org.springframework.aop.interceptor.ExposeInvocationInterceptor.invoke(ExposeInvocationInterceptor.java:97)
	at org.springframework.aop.framework.ReflectiveMethodInvocation.proceed(ReflectiveMethodInvocation.java:184)
	at org.springframework.aop.framework.CglibAopProxy$DynamicAdvisedInterceptor.intercept(CglibAopProxy.java:728)
	at com.recruit.smartrecruit.controller.JobController$$SpringCGLIB$$0.infoJob(<generated>)
	at java.base/jdk.internal.reflect.NativeMethodAccessorImpl.invoke0(Native Method)
	at java.base/jdk.internal.reflect.NativeMethodAccessorImpl.invoke(NativeMethodAccessorImpl.java:77)
	at java.base/jdk.internal.reflect.DelegatingMethodAccessorImpl.invoke(DelegatingMethodAccessorImpl.java:43)
	at java.base/java.lang.reflect.Method.invoke(Method.java:568)
	at org.springframework.web.method.support.InvocableHandlerMethod.doInvoke(InvocableHandlerMethod.java:258)
	at org.springframework.web.method.support.InvocableHandlerMethod.invokeForRequest(InvocableHandlerMethod.java:191)
	at org.springframework.web.servlet.mvc.method.annotation.ServletInvocableHandlerMethod.invokeAndHandle(ServletInvocableHandlerMethod.java:118)
	at org.springframework.web.servlet.mvc.method.annotation.RequestMappingHandlerAdapter.invokeHandlerMethod(RequestMappingHandlerAdapter.java:991)
	at org.springframework.web.servlet.mvc.method.annotation.RequestMappingHandlerAdapter.handleInternal(RequestMappingHandlerAdapter.java:896)
	at org.springframework.web.servlet.mvc.method.AbstractHandlerMethodAdapter.handle(AbstractHandlerMethodAdapter.java:87)
	at org.springframework.web.servlet.DispatcherServlet.doDispatch(DispatcherServlet.java:1089)
	at org.springframework.web.servlet.DispatcherServlet.doService(DispatcherServlet.java:979)
	at org.springframework.web.servlet.FrameworkServlet.processRequest(FrameworkServlet.java:1014)
	at org.springframework.web.servlet.FrameworkServlet.doGet(FrameworkServlet.java:903)
	at jakarta.servlet.http.HttpServlet.service(HttpServlet.java:564)
	at org.springframework.web.servlet.FrameworkServlet.service(FrameworkServlet.java:885)
	at jakarta.servlet.http.HttpServlet.service(HttpServlet.java:658)
	at org.apache.catalina.core.ApplicationFilterChain.internalDoFilter(ApplicationFilterChain.java:193)
	at org.apache.catalina.core.ApplicationFilterChain.doFilter(ApplicationFilterChain.java:138)
	at org.apache.tomcat.websocket.server.WsFilter.doFilter(WsFilter.java:51)
	at org.apache.catalina.core.ApplicationFilterChain.internalDoFilter(ApplicationFilterChain.java:162)
	at org.apache.catalina.core.ApplicationFilterChain.doFilter(ApplicationFilterChain.java:138)
	at com.recruit.smartrecruit.filter.RequestTraceFilter.doFilterInternal(RequestTraceFilter.java:48)
	at org.springframework.web.filter.OncePerRequestFilter.doFilter(OncePerRequestFilter.java:116)
	at org.apache.catalina.core.ApplicationFilterChain.internalDoFilter(ApplicationFilterChain.java:162)
	at org.apache.catalina.core.ApplicationFilterChain.doFilter(ApplicationFilterChain.java:138)
	at org.springframework.web.filter.RequestContextFilter.doFilterInternal(RequestContextFilter.java:100)
	at org.springframework.web.filter.OncePerRequestFilter.doFilter(OncePerRequestFilter.java:116)
	at org.apache.catalina.core.ApplicationFilterChain.internalDoFilter(ApplicationFilterChain.java:162)
	at org.apache.catalina.core.ApplicationFilterChain.doFilter(ApplicationFilterChain.java:138)
	at org.springframework.web.filter.FormContentFilter.doFilterInternal(FormContentFilter.java:93)
	at org.springframework.web.filter.OncePerRequestFilter.doFilter(OncePerRequestFilter.java:116)
	at org.apache.catalina.core.ApplicationFilterChain.internalDoFilter(ApplicationFilterChain.java:162)
	at org.apache.catalina.core.ApplicationFilterChain.doFilter(ApplicationFilterChain.java:138)
	at org.springframework.web.filter.CharacterEncodingFilter.doFilterInternal(CharacterEncodingFilter.java:201)
	at org.springframework.web.filter.OncePerRequestFilter.doFilter(OncePerRequestFilter.java:116)
	at org.apache.catalina.core.ApplicationFilterChain.internalDoFilter(ApplicationFilterChain.java:162)
	at org.apache.catalina.core.ApplicationFilterChain.doFilter(ApplicationFilterChain.java:138)
	at org.apache.catalina.core.StandardWrapperValve.invoke(StandardWrapperValve.java:165)
	at org.apache.catalina.core.StandardContextValve.invoke(StandardContextValve.java:88)
	at org.apache.catalina.authenticator.AuthenticatorBase.invoke(AuthenticatorBase.java:492)
	at org.apache.catalina.core.StandardHostValve.invoke(StandardHostValve.java:113)
	at org.apache.catalina.valves.ErrorReportValve.invoke(ErrorReportValve.java:83)
	at org.apache.catalina.core.StandardEngineValve.invoke(StandardEngineValve.java:72)
	at org.apache.catalina.connector.CoyoteAdapter.service(CoyoteAdapter.java:342)
	at org.apache.coyote.http11.Http11Processor.service(Http11Processor.java:399)
	at org.apache.coyote.AbstractProcessorLight.process(AbstractProcessorLight.java:63)
	at org.apache.coyote.AbstractProtocol$ConnectionHandler.process(AbstractProtocol.java:1272)
	at org.apache.tomcat.util.net.NioEndpoint$SocketProcessor.doRun(NioEndpoint.java:1797)
	at org.apache.tomcat.util.net.SocketProcessorBase.run(SocketProcessorBase.java:52)
	at org.apache.tomcat.util.threads.ThreadPoolExecutor.runWorker(ThreadPoolExecutor.java:973)
	at org.apache.tomcat.util.threads.ThreadPoolExecutor$Worker.run(ThreadPoolExecutor.java:491)
	at org.apache.tomcat.util.threads.TaskThread$WrappingRunnable.run(TaskThread.java:63)
	at java.base/java.lang.Thread.run(Thread.java:842)
2026-08-14 22:51:12.712 WARN  [http-nio-8081-exec-8][3269aa74f9c648e3b3cfcbaab020935f][userId=9] c.r.smartrecruit.exception.GlobalExceptionHandler - 业务异常：岗位不存在
2026-08-14 22:51:12.715 INFO  [http-nio-8081-exec-8][3269aa74f9c648e3b3cfcbaab020935f][userId=] c.recruit.smartrecruit.filter.RequestTraceFilter - 请求结束 method=GET uri=/job/8 status=200 cost=12ms
2026-08-14 22:52:43.980 INFO  [http-nio-8081-exec-2][ebd6a4a707aa4294a3c394bc2a00a9a2][userId=] c.recruit.smartrecruit.filter.RequestTraceFilter - 请求开始 method=POST uri=/job
2026-08-14 22:52:43.984 INFO  [http-nio-8081-exec-2][ebd6a4a707aa4294a3c394bc2a00a9a2][userId=9] c.recruit.smartrecruit.aspect.OperationLogAspect - 操作开始 operation=发布岗位
2026-08-14 22:52:43.984 DEBUG [http-nio-8081-exec-2][ebd6a4a707aa4294a3c394bc2a00a9a2][userId=9] c.recruit.smartrecruit.mapper.UserMapper.findById - ==>  Preparing: SELECT id, username, password, nickname, email, phone, role, create_time FROM sys_user WHERE id = ?
2026-08-14 22:52:44.006 DEBUG [http-nio-8081-exec-2][ebd6a4a707aa4294a3c394bc2a00a9a2][userId=9] c.recruit.smartrecruit.mapper.UserMapper.findById - ==> Parameters: 9(Long)
2026-08-14 22:52:44.009 DEBUG [http-nio-8081-exec-2][ebd6a4a707aa4294a3c394bc2a00a9a2][userId=9] c.recruit.smartrecruit.mapper.UserMapper.findById - <==      Total: 1
2026-08-14 22:52:44.010 DEBUG [http-nio-8081-exec-2][ebd6a4a707aa4294a3c394bc2a00a9a2][userId=9] c.r.smartrecruit.mapper.CompanyMapper.findByUserId - ==>  Preparing: SELECT * FROM COMPANY WHERE user_id=?
2026-08-14 22:52:44.010 DEBUG [http-nio-8081-exec-2][ebd6a4a707aa4294a3c394bc2a00a9a2][userId=9] c.r.smartrecruit.mapper.CompanyMapper.findByUserId - ==> Parameters: 9(Long)
2026-08-14 22:52:44.014 DEBUG [http-nio-8081-exec-2][ebd6a4a707aa4294a3c394bc2a00a9a2][userId=9] c.r.smartrecruit.mapper.CompanyMapper.findByUserId - <==      Total: 1
2026-08-14 22:52:44.015 DEBUG [http-nio-8081-exec-2][ebd6a4a707aa4294a3c394bc2a00a9a2][userId=9] com.recruit.smartrecruit.mapper.JobMapper.add - ==>  Preparing: INSERT INTO job ( company_id, title, description, salary_min, salary_max, city, experience, education, status )VALUES ( ?, ?, ?, ?, ?, ?, ?, ?, ? )
2026-08-14 22:52:44.053 DEBUG [http-nio-8081-exec-2][ebd6a4a707aa4294a3c394bc2a00a9a2][userId=9] com.recruit.smartrecruit.mapper.JobMapper.add - ==> Parameters: 8(Long), Java全栈开发工程师(String), 负责Java业务开发和系统维护(String), 8000(Integer), 15000(Integer), 深圳(String), 应届生(String), 本科(String), 1(Integer)
2026-08-14 22:52:44.124 DEBUG [http-nio-8081-exec-2][ebd6a4a707aa4294a3c394bc2a00a9a2][userId=9] com.recruit.smartrecruit.mapper.JobMapper.add - <==    Updates: 1
2026-08-14 22:52:44.125 INFO  [http-nio-8081-exec-2][ebd6a4a707aa4294a3c394bc2a00a9a2][userId=9] c.recruit.smartrecruit.aspect.OperationLogAspect - 操作成功 operation=发布岗位 cost=141ms
2026-08-14 22:52:44.126 INFO  [http-nio-8081-exec-2][ebd6a4a707aa4294a3c394bc2a00a9a2][userId=] c.recruit.smartrecruit.filter.RequestTraceFilter - 请求结束 method=POST uri=/job status=200 cost=146ms
2026-08-14 22:52:49.495 INFO  [http-nio-8081-exec-3][d40d0066ca5644a297ebf048410f41ac][userId=] c.recruit.smartrecruit.filter.RequestTraceFilter - 请求开始 method=GET uri=/job/9
2026-08-14 22:52:49.498 INFO  [http-nio-8081-exec-3][d40d0066ca5644a297ebf048410f41ac][userId=9] c.recruit.smartrecruit.aspect.OperationLogAspect - 操作开始 operation=查询岗位详情
2026-08-14 22:52:49.498 DEBUG [http-nio-8081-exec-3][d40d0066ca5644a297ebf048410f41ac][userId=9] c.recruit.smartrecruit.mapper.JobMapper.findById - ==>  Preparing: SELECT * FROM job WHERE id=?;
2026-08-14 22:52:49.498 DEBUG [http-nio-8081-exec-3][d40d0066ca5644a297ebf048410f41ac][userId=9] c.recruit.smartrecruit.mapper.JobMapper.findById - ==> Parameters: 9(Long)
2026-08-14 22:52:49.505 DEBUG [http-nio-8081-exec-3][d40d0066ca5644a297ebf048410f41ac][userId=9] c.recruit.smartrecruit.mapper.JobMapper.findById - <==      Total: 1
2026-08-14 22:52:49.508 INFO  [http-nio-8081-exec-3][d40d0066ca5644a297ebf048410f41ac][userId=9] c.recruit.smartrecruit.aspect.OperationLogAspect - 操作成功 operation=查询岗位详情 cost=10ms
2026-08-14 22:52:49.509 INFO  [http-nio-8081-exec-3][d40d0066ca5644a297ebf048410f41ac][userId=] c.recruit.smartrecruit.filter.RequestTraceFilter - 请求结束 method=GET uri=/job/9 status=200 cost=14ms
2026-08-14 22:52:50.891 INFO  [http-nio-8081-exec-4][9f1ce592d4fd4338af08038491cf8e2f][userId=] c.recruit.smartrecruit.filter.RequestTraceFilter - 请求开始 method=GET uri=/job/9
2026-08-14 22:52:50.895 INFO  [http-nio-8081-exec-4][9f1ce592d4fd4338af08038491cf8e2f][userId=9] c.recruit.smartrecruit.aspect.OperationLogAspect - 操作开始 operation=查询岗位详情
2026-08-14 22:52:50.901 INFO  [http-nio-8081-exec-4][9f1ce592d4fd4338af08038491cf8e2f][userId=9] c.recruit.smartrecruit.aspect.OperationLogAspect - 操作成功 operation=查询岗位详情 cost=6ms
2026-08-14 22:52:50.901 INFO  [http-nio-8081-exec-4][9f1ce592d4fd4338af08038491cf8e2f][userId=] c.recruit.smartrecruit.filter.RequestTraceFilter - 请求结束 method=GET uri=/job/9 status=200 cost=10ms
2026-08-14 22:52:58.532 INFO  [http-nio-8081-exec-5][00a609ed8c504c7bb332341056e8546b][userId=] c.recruit.smartrecruit.filter.RequestTraceFilter - 请求开始 method=PUT uri=/job
2026-08-14 22:52:58.543 INFO  [http-nio-8081-exec-5][00a609ed8c504c7bb332341056e8546b][userId=9] c.recruit.smartrecruit.aspect.OperationLogAspect - 操作开始 operation=修改岗位信息
2026-08-14 22:52:58.546 DEBUG [http-nio-8081-exec-5][00a609ed8c504c7bb332341056e8546b][userId=9] c.recruit.smartrecruit.mapper.UserMapper.findById - ==>  Preparing: SELECT id, username, password, nickname, email, phone, role, create_time FROM sys_user WHERE id = ?
2026-08-14 22:52:58.547 DEBUG [http-nio-8081-exec-5][00a609ed8c504c7bb332341056e8546b][userId=9] c.recruit.smartrecruit.mapper.UserMapper.findById - ==> Parameters: 9(Long)
2026-08-14 22:52:58.547 DEBUG [http-nio-8081-exec-5][00a609ed8c504c7bb332341056e8546b][userId=9] c.recruit.smartrecruit.mapper.UserMapper.findById - <==      Total: 1
2026-08-14 22:52:58.548 DEBUG [http-nio-8081-exec-5][00a609ed8c504c7bb332341056e8546b][userId=9] c.r.smartrecruit.mapper.CompanyMapper.findByUserId - ==>  Preparing: SELECT * FROM COMPANY WHERE user_id=?
2026-08-14 22:52:58.548 DEBUG [http-nio-8081-exec-5][00a609ed8c504c7bb332341056e8546b][userId=9] c.r.smartrecruit.mapper.CompanyMapper.findByUserId - ==> Parameters: 9(Long)
2026-08-14 22:52:58.550 DEBUG [http-nio-8081-exec-5][00a609ed8c504c7bb332341056e8546b][userId=9] c.r.smartrecruit.mapper.CompanyMapper.findByUserId - <==      Total: 1
2026-08-14 22:52:58.551 DEBUG [http-nio-8081-exec-5][00a609ed8c504c7bb332341056e8546b][userId=9] c.recruit.smartrecruit.mapper.JobMapper.findById - ==>  Preparing: SELECT * FROM job WHERE id=?;
2026-08-14 22:52:58.551 DEBUG [http-nio-8081-exec-5][00a609ed8c504c7bb332341056e8546b][userId=9] c.recruit.smartrecruit.mapper.JobMapper.findById - ==> Parameters: 9(Long)
2026-08-14 22:52:58.554 DEBUG [http-nio-8081-exec-5][00a609ed8c504c7bb332341056e8546b][userId=9] c.recruit.smartrecruit.mapper.JobMapper.findById - <==      Total: 1
2026-08-14 22:52:58.555 DEBUG [http-nio-8081-exec-5][00a609ed8c504c7bb332341056e8546b][userId=9] com.recruit.smartrecruit.mapper.JobMapper.update - ==>  Preparing: UPDATE job SET title=?, description=?, salary_min=?, salary_max=?, city=?, experience=?, education= ?, status=? WHERE id=?;
2026-08-14 22:52:58.557 DEBUG [http-nio-8081-exec-5][00a609ed8c504c7bb332341056e8546b][userId=9] com.recruit.smartrecruit.mapper.JobMapper.update - ==> Parameters: agent开发1(String), agent开发落地(String), 7000(Integer), 16000(Integer), 深圳(String), 应届生(String), 本科(String), 0(Integer), 9(Long)
2026-08-14 22:52:58.591 DEBUG [http-nio-8081-exec-5][00a609ed8c504c7bb332341056e8546b][userId=9] com.recruit.smartrecruit.mapper.JobMapper.update - <==    Updates: 1
2026-08-14 22:52:58.593 INFO  [http-nio-8081-exec-5][00a609ed8c504c7bb332341056e8546b][userId=9] c.recruit.smartrecruit.aspect.OperationLogAspect - 操作成功 operation=修改岗位信息 cost=57ms
2026-08-14 22:52:58.594 INFO  [http-nio-8081-exec-5][00a609ed8c504c7bb332341056e8546b][userId=] c.recruit.smartrecruit.filter.RequestTraceFilter - 请求结束 method=PUT uri=/job status=200 cost=62ms
2026-08-14 22:53:01.707 INFO  [http-nio-8081-exec-9][66a1263121b648db9760d4071260d9c3][userId=] c.recruit.smartrecruit.filter.RequestTraceFilter - 请求开始 method=GET uri=/job/9
2026-08-14 22:53:01.709 INFO  [http-nio-8081-exec-9][66a1263121b648db9760d4071260d9c3][userId=9] c.recruit.smartrecruit.aspect.OperationLogAspect - 操作开始 operation=查询岗位详情
2026-08-14 22:53:01.710 DEBUG [http-nio-8081-exec-9][66a1263121b648db9760d4071260d9c3][userId=9] c.recruit.smartrecruit.mapper.JobMapper.findById - ==>  Preparing: SELECT * FROM job WHERE id=?;
2026-08-14 22:53:01.710 DEBUG [http-nio-8081-exec-9][66a1263121b648db9760d4071260d9c3][userId=9] c.recruit.smartrecruit.mapper.JobMapper.findById - ==> Parameters: 9(Long)
2026-08-14 22:53:01.712 DEBUG [http-nio-8081-exec-9][66a1263121b648db9760d4071260d9c3][userId=9] c.recruit.smartrecruit.mapper.JobMapper.findById - <==      Total: 1
2026-08-14 22:53:01.715 INFO  [http-nio-8081-exec-9][66a1263121b648db9760d4071260d9c3][userId=9] c.recruit.smartrecruit.aspect.OperationLogAspect - 操作成功 operation=查询岗位详情 cost=6ms
2026-08-14 22:53:01.715 INFO  [http-nio-8081-exec-9][66a1263121b648db9760d4071260d9c3][userId=] c.recruit.smartrecruit.filter.RequestTraceFilter - 请求结束 method=GET uri=/job/9 status=200 cost=8ms
2026-08-14 22:53:09.382 INFO  [http-nio-8081-exec-6][5e9f8ce0c2b64a38b3aa5f6d852bc38e][userId=] c.recruit.smartrecruit.filter.RequestTraceFilter - 请求开始 method=DELETE uri=/job/9
2026-08-14 22:53:09.385 INFO  [http-nio-8081-exec-6][5e9f8ce0c2b64a38b3aa5f6d852bc38e][userId=9] c.recruit.smartrecruit.aspect.OperationLogAspect - 操作开始 operation=删除岗位
2026-08-14 22:53:09.387 DEBUG [http-nio-8081-exec-6][5e9f8ce0c2b64a38b3aa5f6d852bc38e][userId=9] c.recruit.smartrecruit.mapper.UserMapper.findById - ==>  Preparing: SELECT id, username, password, nickname, email, phone, role, create_time FROM sys_user WHERE id = ?
2026-08-14 22:53:09.388 DEBUG [http-nio-8081-exec-6][5e9f8ce0c2b64a38b3aa5f6d852bc38e][userId=9] c.recruit.smartrecruit.mapper.UserMapper.findById - ==> Parameters: 9(Long)
2026-08-14 22:53:09.392 DEBUG [http-nio-8081-exec-6][5e9f8ce0c2b64a38b3aa5f6d852bc38e][userId=9] c.recruit.smartrecruit.mapper.UserMapper.findById - <==      Total: 1
2026-08-14 22:53:09.393 DEBUG [http-nio-8081-exec-6][5e9f8ce0c2b64a38b3aa5f6d852bc38e][userId=9] c.r.smartrecruit.mapper.CompanyMapper.findByUserId - ==>  Preparing: SELECT * FROM COMPANY WHERE user_id=?
2026-08-14 22:53:09.393 DEBUG [http-nio-8081-exec-6][5e9f8ce0c2b64a38b3aa5f6d852bc38e][userId=9] c.r.smartrecruit.mapper.CompanyMapper.findByUserId - ==> Parameters: 9(Long)
2026-08-14 22:53:09.398 DEBUG [http-nio-8081-exec-6][5e9f8ce0c2b64a38b3aa5f6d852bc38e][userId=9] c.r.smartrecruit.mapper.CompanyMapper.findByUserId - <==      Total: 1
2026-08-14 22:53:09.398 DEBUG [http-nio-8081-exec-6][5e9f8ce0c2b64a38b3aa5f6d852bc38e][userId=9] c.recruit.smartrecruit.mapper.JobMapper.findById - ==>  Preparing: SELECT * FROM job WHERE id=?;
2026-08-14 22:53:09.398 DEBUG [http-nio-8081-exec-6][5e9f8ce0c2b64a38b3aa5f6d852bc38e][userId=9] c.recruit.smartrecruit.mapper.JobMapper.findById - ==> Parameters: 9(Long)
2026-08-14 22:53:09.401 DEBUG [http-nio-8081-exec-6][5e9f8ce0c2b64a38b3aa5f6d852bc38e][userId=9] c.recruit.smartrecruit.mapper.JobMapper.findById - <==      Total: 1
2026-08-14 22:53:09.401 DEBUG [http-nio-8081-exec-6][5e9f8ce0c2b64a38b3aa5f6d852bc38e][userId=9] com.recruit.smartrecruit.mapper.JobMapper.delete - ==>  Preparing: DELETE FROM job WHERE id=?
2026-08-14 22:53:09.401 DEBUG [http-nio-8081-exec-6][5e9f8ce0c2b64a38b3aa5f6d852bc38e][userId=9] com.recruit.smartrecruit.mapper.JobMapper.delete - ==> Parameters: 9(Long)
2026-08-14 22:53:09.428 DEBUG [http-nio-8081-exec-6][5e9f8ce0c2b64a38b3aa5f6d852bc38e][userId=9] com.recruit.smartrecruit.mapper.JobMapper.delete - <==    Updates: 1
2026-08-14 22:53:09.430 INFO  [http-nio-8081-exec-6][5e9f8ce0c2b64a38b3aa5f6d852bc38e][userId=9] c.recruit.smartrecruit.aspect.OperationLogAspect - 操作成功 operation=删除岗位 cost=45ms
2026-08-14 22:53:09.431 INFO  [http-nio-8081-exec-6][5e9f8ce0c2b64a38b3aa5f6d852bc38e][userId=] c.recruit.smartrecruit.filter.RequestTraceFilter - 请求结束 method=DELETE uri=/job/9 status=200 cost=49ms
2026-08-14 22:53:14.932 INFO  [http-nio-8081-exec-7][3390798027674df1aa70122786cf5582][userId=] c.recruit.smartrecruit.filter.RequestTraceFilter - 请求开始 method=GET uri=/job/9
2026-08-14 22:53:14.934 INFO  [http-nio-8081-exec-7][3390798027674df1aa70122786cf5582][userId=9] c.recruit.smartrecruit.aspect.OperationLogAspect - 操作开始 operation=查询岗位详情
2026-08-14 22:53:14.937 DEBUG [http-nio-8081-exec-7][3390798027674df1aa70122786cf5582][userId=9] c.recruit.smartrecruit.mapper.JobMapper.findById - ==>  Preparing: SELECT * FROM job WHERE id=?;
2026-08-14 22:53:14.937 DEBUG [http-nio-8081-exec-7][3390798027674df1aa70122786cf5582][userId=9] c.recruit.smartrecruit.mapper.JobMapper.findById - ==> Parameters: 9(Long)
2026-08-14 22:53:14.938 DEBUG [http-nio-8081-exec-7][3390798027674df1aa70122786cf5582][userId=9] c.recruit.smartrecruit.mapper.JobMapper.findById - <==      Total: 0
2026-08-14 22:53:14.938 ERROR [http-nio-8081-exec-7][3390798027674df1aa70122786cf5582][userId=9] c.recruit.smartrecruit.aspect.OperationLogAspect - 操作异常 operation=查询岗位详情 cost=4ms
com.recruit.smartrecruit.exception.BusinessException: 岗位不存在
	at com.recruit.smartrecruit.service.impl.JobServiceImpl.findById(JobServiceImpl.java:55)
	at com.recruit.smartrecruit.controller.JobController.infoJob(JobController.java:47)
	at jdk.internal.reflect.GeneratedMethodAccessor28.invoke(Unknown Source)
	at java.base/jdk.internal.reflect.DelegatingMethodAccessorImpl.invoke(DelegatingMethodAccessorImpl.java:43)
	at java.base/java.lang.reflect.Method.invoke(Method.java:568)
	at org.springframework.aop.support.AopUtils.invokeJoinpointUsingReflection(AopUtils.java:360)
	at org.springframework.aop.framework.ReflectiveMethodInvocation.invokeJoinpoint(ReflectiveMethodInvocation.java:196)
	at org.springframework.aop.framework.ReflectiveMethodInvocation.proceed(ReflectiveMethodInvocation.java:163)
	at org.springframework.aop.aspectj.MethodInvocationProceedingJoinPoint.proceed(MethodInvocationProceedingJoinPoint.java:89)
	at com.recruit.smartrecruit.aspect.OperationLogAspect.operationLog(OperationLogAspect.java:40)
	at jdk.internal.reflect.GeneratedMethodAccessor32.invoke(Unknown Source)
	at java.base/jdk.internal.reflect.DelegatingMethodAccessorImpl.invoke(DelegatingMethodAccessorImpl.java:43)
	at java.base/java.lang.reflect.Method.invoke(Method.java:568)
	at org.springframework.aop.aspectj.AbstractAspectJAdvice.invokeAdviceMethodWithGivenArgs(AbstractAspectJAdvice.java:649)
	at org.springframework.aop.aspectj.AbstractAspectJAdvice.invokeAdviceMethod(AbstractAspectJAdvice.java:631)
	at org.springframework.aop.aspectj.AspectJAroundAdvice.invoke(AspectJAroundAdvice.java:71)
	at org.springframework.aop.framework.ReflectiveMethodInvocation.proceed(ReflectiveMethodInvocation.java:173)
	at org.springframework.aop.interceptor.ExposeInvocationInterceptor.invoke(ExposeInvocationInterceptor.java:97)
	at org.springframework.aop.framework.ReflectiveMethodInvocation.proceed(ReflectiveMethodInvocation.java:184)
	at org.springframework.aop.framework.CglibAopProxy$DynamicAdvisedInterceptor.intercept(CglibAopProxy.java:728)
	at com.recruit.smartrecruit.controller.JobController$$SpringCGLIB$$0.infoJob(<generated>)
	at jdk.internal.reflect.GeneratedMethodAccessor28.invoke(Unknown Source)
	at java.base/jdk.internal.reflect.DelegatingMethodAccessorImpl.invoke(DelegatingMethodAccessorImpl.java:43)
	at java.base/java.lang.reflect.Method.invoke(Method.java:568)
	at org.springframework.web.method.support.InvocableHandlerMethod.doInvoke(InvocableHandlerMethod.java:258)
	at org.springframework.web.method.support.InvocableHandlerMethod.invokeForRequest(InvocableHandlerMethod.java:191)
	at org.springframework.web.servlet.mvc.method.annotation.ServletInvocableHandlerMethod.invokeAndHandle(ServletInvocableHandlerMethod.java:118)
	at org.springframework.web.servlet.mvc.method.annotation.RequestMappingHandlerAdapter.invokeHandlerMethod(RequestMappingHandlerAdapter.java:991)
	at org.springframework.web.servlet.mvc.method.annotation.RequestMappingHandlerAdapter.handleInternal(RequestMappingHandlerAdapter.java:896)
	at org.springframework.web.servlet.mvc.method.AbstractHandlerMethodAdapter.handle(AbstractHandlerMethodAdapter.java:87)
	at org.springframework.web.servlet.DispatcherServlet.doDispatch(DispatcherServlet.java:1089)
	at org.springframework.web.servlet.DispatcherServlet.doService(DispatcherServlet.java:979)
	at org.springframework.web.servlet.FrameworkServlet.processRequest(FrameworkServlet.java:1014)
	at org.springframework.web.servlet.FrameworkServlet.doGet(FrameworkServlet.java:903)
	at jakarta.servlet.http.HttpServlet.service(HttpServlet.java:564)
	at org.springframework.web.servlet.FrameworkServlet.service(FrameworkServlet.java:885)
	at jakarta.servlet.http.HttpServlet.service(HttpServlet.java:658)
	at org.apache.catalina.core.ApplicationFilterChain.internalDoFilter(ApplicationFilterChain.java:193)
	at org.apache.catalina.core.ApplicationFilterChain.doFilter(ApplicationFilterChain.java:138)
	at org.apache.tomcat.websocket.server.WsFilter.doFilter(WsFilter.java:51)
	at org.apache.catalina.core.ApplicationFilterChain.internalDoFilter(ApplicationFilterChain.java:162)
	at org.apache.catalina.core.ApplicationFilterChain.doFilter(ApplicationFilterChain.java:138)
	at com.recruit.smartrecruit.filter.RequestTraceFilter.doFilterInternal(RequestTraceFilter.java:48)
	at org.springframework.web.filter.OncePerRequestFilter.doFilter(OncePerRequestFilter.java:116)
	at org.apache.catalina.core.ApplicationFilterChain.internalDoFilter(ApplicationFilterChain.java:162)
	at org.apache.catalina.core.ApplicationFilterChain.doFilter(ApplicationFilterChain.java:138)
	at org.springframework.web.filter.RequestContextFilter.doFilterInternal(RequestContextFilter.java:100)
	at org.springframework.web.filter.OncePerRequestFilter.doFilter(OncePerRequestFilter.java:116)
	at org.apache.catalina.core.ApplicationFilterChain.internalDoFilter(ApplicationFilterChain.java:162)
	at org.apache.catalina.core.ApplicationFilterChain.doFilter(ApplicationFilterChain.java:138)
	at org.springframework.web.filter.FormContentFilter.doFilterInternal(FormContentFilter.java:93)
	at org.springframework.web.filter.OncePerRequestFilter.doFilter(OncePerRequestFilter.java:116)
	at org.apache.catalina.core.ApplicationFilterChain.internalDoFilter(ApplicationFilterChain.java:162)
	at org.apache.catalina.core.ApplicationFilterChain.doFilter(ApplicationFilterChain.java:138)
	at org.springframework.web.filter.CharacterEncodingFilter.doFilterInternal(CharacterEncodingFilter.java:201)
	at org.springframework.web.filter.OncePerRequestFilter.doFilter(OncePerRequestFilter.java:116)
	at org.apache.catalina.core.ApplicationFilterChain.internalDoFilter(ApplicationFilterChain.java:162)
	at org.apache.catalina.core.ApplicationFilterChain.doFilter(ApplicationFilterChain.java:138)
	at org.apache.catalina.core.StandardWrapperValve.invoke(StandardWrapperValve.java:165)
	at org.apache.catalina.core.StandardContextValve.invoke(StandardContextValve.java:88)
	at org.apache.catalina.authenticator.AuthenticatorBase.invoke(AuthenticatorBase.java:492)
	at org.apache.catalina.core.StandardHostValve.invoke(StandardHostValve.java:113)
	at org.apache.catalina.valves.ErrorReportValve.invoke(ErrorReportValve.java:83)
	at org.apache.catalina.core.StandardEngineValve.invoke(StandardEngineValve.java:72)
	at org.apache.catalina.connector.CoyoteAdapter.service(CoyoteAdapter.java:342)
	at org.apache.coyote.http11.Http11Processor.service(Http11Processor.java:399)
	at org.apache.coyote.AbstractProcessorLight.process(AbstractProcessorLight.java:63)
	at org.apache.coyote.AbstractProtocol$ConnectionHandler.process(AbstractProtocol.java:1272)
	at org.apache.tomcat.util.net.NioEndpoint$SocketProcessor.doRun(NioEndpoint.java:1797)
	at org.apache.tomcat.util.net.SocketProcessorBase.run(SocketProcessorBase.java:52)
	at org.apache.tomcat.util.threads.ThreadPoolExecutor.runWorker(ThreadPoolExecutor.java:973)
	at org.apache.tomcat.util.threads.ThreadPoolExecutor$Worker.run(ThreadPoolExecutor.java:491)
	at org.apache.tomcat.util.threads.TaskThread$WrappingRunnable.run(TaskThread.java:63)
	at java.base/java.lang.Thread.run(Thread.java:842)
2026-08-14 22:53:14.943 WARN  [http-nio-8081-exec-7][3390798027674df1aa70122786cf5582][userId=9] c.r.smartrecruit.exception.GlobalExceptionHandler - 业务异常：岗位不存在
2026-08-14 22:53:14.945 INFO  [http-nio-8081-exec-7][3390798027674df1aa70122786cf5582][userId=] c.recruit.smartrecruit.filter.RequestTraceFilter - 请求结束 method=GET uri=/job/9 status=200 cost=13ms
2026-08-14 23:52:54.825 WARN  [HikariPool-1:housekeeper][][userId=] com.zaxxer.hikari.pool.HikariPool - HikariPool-1 - Thread starvation or clock leap detected (housekeeper delta=1m25s356ms801µs301ns).
